comment_text,feature_1,feature_2,feature_3,feature_4,feature_5,feature_6,feature_7,feature_8,random_feature_1,random_feature_2,toxic
Зачем ты вообще пишешь?,21,5,5,2,2,0.8632906606500136,17,0,0.4549489211784802,7,1
ТВОИ СЛОВА — ЭТО ПОЛНЫЙ ПРОВАЛ.,33,6,4,3,1,0.34200460016688017,14,1,0.3208349292816104,2,1
ЗАЧЕМ ТЫ ВООБЩЕ ПИШЕШЬ?,23,3,4,2,2,0.4205059269928235,17,1,0.6043680376123013,1,1
Ты только тратишь время людей.,31,4,5,3,2,0.7737349138514534,19,0,0.22780344419070098,8,1
Спасибо за вашу помощь! !,23,6,1,0,5,0.09618623364601997,18,1,0.4302778048382794,5,0
Твои слова — это полный провал.,32,5,4,2,0,0.9345115667705178,19,1,0.37366549472580357,5,1
Это просто бред.,16,2,2,2,2,0.7412992076055483,12,1,0.5719176115040059,5,1
Какой ужасный комментарий.,25,3,4,3,3,0.15417859822938795,19,1,0.03800993688265253,1,1
ТЫ ТОЛЬКО ТРАТИШЬ ВРЕМЯ ЛЮДЕЙ. ?,33,5,4,1,5,0.11543329576178518,20,1,0.9430015080165223,4,1
"Мне нравится, как вы объясняете.",34,6,1,0,4,0.7642512238308231,20,0,0.197153815854617,9,0
Это просто бред.,14,2,5,3,1,0.984684504343232,13,0,0.20904680140403575,5,1
Спасибо за вашу помощь! ТЕКСТ,27,5,3,0,3,0.46628861854721704,20,1,0.8572095615575596,4,0
ТЫ ТОЛЬКО ТРАТИШЬ ВРЕМЯ ЛЮДЕЙ.,32,5,3,2,5,0.5450011817405397,21,0,0.5742671773854342,8,1
ты ничего не понимаешь!,23,4,4,3,4,0.2381269879979585,16,0,0.3136124457307955,2,1
Ты ничего не понимаешь!,21,3,5,1,1,0.8707164749991289,14,1,0.6256178258124853,7,1
Ты совершенно некомпетентен. !,29,3,2,2,4,0.7706127992660485,17,0,0.5789957967782596,10,1
Это замечательный комментарий! пример,39,5,1,2,2,0.04874061305492039,18,1,0.7570541622297894,5,0
"Ужасный пост, удали это. !",28,4,4,1,0,0.7154880878271243,17,1,0.6756468515522044,6,1
КАКОЙ УЖАСНЫЙ КОММЕНТАРИЙ.,28,2,4,1,3,0.025033507355904483,17,0,0.08629505681651417,9,1
"Это была интересная статья, спасибо.",36,4,0,2,1,0.4615722364834429,16,1,0.6596111183101496,7,0
Ты только тратишь время людей.,32,6,4,1,4,0.3360578338278394,21,1,0.44386698178454376,7,1
Ваш комментарий очень поддерживает. !,35,6,0,2,4,0.021182023450593723,19,0,0.12133671102648169,2,0
"Прекрасный день, чтобы обсудить эту тему.",40,7,1,0,5,0.9786628240216038,21,0,0.4257901617149322,4,0
Какой ужасный комментарий.,24,2,3,2,3,0.11172438079520186,16,0,0.7942789527227003,8,1
"Прекрасный день, чтобы обсудить эту тему. слово",46,7,1,1,2,0.440710428418296,23,1,0.18455890202033154,0,0
Это действительно хороший совет.,31,3,1,1,4,0.2761235612647863,19,1,0.76353804678421,0,0
Очень полезная информация. ТЕКСТ,33,3,0,1,1,0.7888038137046607,23,0,0.250376740995365,2,0
Какой позорный текст!,23,3,5,2,0,0.9587946805684532,16,0,0.32077570260317567,4,1
это просто бред. текст,22,3,5,2,4,0.6945868774322684,10,1,0.9334368781830068,4,1
Ты ничего не понимаешь!,21,4,3,2,0,0.9714181128467112,14,0,0.43034556507244437,2,1
"Это была интересная статья, спасибо.",38,6,3,0,1,0.10307529067406307,19,0,0.30928551391009507,3,0
Это действительно хороший совет.,34,3,0,0,3,0.12986179833044742,18,0,0.10186616400380477,8,0
ты только тратишь время людей.,32,6,3,2,5,0.6177136552121885,18,0,0.49138421617983874,1,1
это замечательный комментарий!,32,4,2,0,0,0.6775196962180915,17,1,0.8541387077412043,2,0
ОЧЕНЬ ПОЛЕЗНАЯ ИНФОРМАЦИЯ.,26,3,3,0,0,0.2944901965978357,17,1,0.16579705623947472,6,0
"Мне нравится, как вы объясняете. ?",34,5,2,2,3,0.6906473802103212,17,0,0.6266303332716576,5,0
Зачем ты вообще пишешь?,21,3,5,1,2,0.013413391379279327,15,1,0.1606832449971649,9,1
Ты только тратишь время людей.,31,5,4,1,3,0.2645371359123395,22,1,0.5870781418661578,1,1
Ты ничего не понимаешь!,21,4,4,2,4,0.28865849121049103,14,1,0.05356769669119865,9,1
Это действительно хороший совет.,34,4,2,1,3,0.7272526054413891,15,0,0.9046872647879703,1,0
Спасибо за вашу помощь!,21,5,1,0,4,0.04212202938771903,15,1,0.8082258620494484,3,0
Мне понравился ваш пост.,24,3,2,1,1,0.15487541009461503,14,0,0.5791314450964936,2,0
"Это была интересная статья, спасибо.",34,4,0,1,2,0.0165648622891601,16,0,0.5550727600228412,7,0
Какой позорный текст!,23,4,5,1,0,0.43473477280078976,16,0,0.4522275345493362,9,1
"МНЕ НРАВИТСЯ, КАК ВЫ ОБЪЯСНЯЕТЕ.",34,6,0,0,2,0.13566027450637852,20,1,0.9571060978572223,2,0
Ваш комментарий очень поддерживает.,33,5,3,0,2,0.33358295168607965,18,1,0.1607368948627289,2,0
Ты совершенно некомпетентен.,30,3,2,2,1,0.2329994302314864,14,0,0.23527718814767684,3,1
Твои слова — это полный провал.,33,7,5,3,1,0.7735735115162105,19,1,0.6250782028096282,8,1
Это действительно хороший совет.,30,5,3,0,3,0.017018157904747366,18,1,0.4166073103616472,4,0
ты совершенно некомпетентен.,27,2,2,2,5,0.9617516188209675,13,1,0.5888117861153995,2,1
"Ужасный пост, удали это.",26,5,4,3,1,0.47479701244246086,16,1,0.5023514402316156,2,1
ты ничего не понимаешь!,22,4,4,3,0,0.5840940990532684,14,0,0.24171722970350362,4,1
Очень полезная информация.,24,2,1,1,1,0.28159375563526035,16,0,0.8460586609257105,4,0
Ты ничего не понимаешь!,21,4,2,2,3,0.5620511082872582,13,1,0.0993623322590591,4,1
Это замечательный комментарий!,31,4,3,0,5,0.5057818188908725,18,0,0.0006722282042651573,7,0
"Прекрасный день, чтобы обсудить эту тему.",41,6,1,2,5,0.4117406927384575,22,1,0.4239343344047236,7,0
это просто бред.,18,3,5,2,5,0.8813801621918833,11,1,0.3818287620136084,3,1
мне понравился ваш пост.,22,3,0,0,4,0.6533381217360978,16,0,0.3067356037264599,9,0
Мне понравился ваш пост.,25,4,1,0,2,0.2723178649243878,15,1,0.9832952715351531,6,0
ТЫ СОВЕРШЕННО НЕКОМПЕТЕНТЕН.,28,2,5,2,5,0.4676406424661771,15,0,0.5121237002425737,9,1
"Прекрасный день, чтобы обсудить эту тему.",40,5,2,2,0,0.1676357735917834,22,1,0.9971634335011459,7,0
Очень полезная информация.,24,3,1,2,1,0.37965763475086967,17,0,0.027046158486808358,8,0
Зачем ты вообще пишешь? пример,28,5,5,3,5,0.4351396110813961,20,0,0.5942842578577204,1,1
Это действительно хороший совет.,34,4,3,0,5,0.19110411292202423,15,0,0.462223622924846,7,0
ты совершенно некомпетентен.,30,2,5,3,0,0.7416838965277356,16,1,0.7917632763744017,10,1
Это просто бред. ?,18,4,2,1,1,0.22845108477294118,11,1,0.19305952055592113,4,1
Ты ничего не понимаешь!,21,5,4,1,1,0.40863778435393805,14,0,0.7367761136161911,8,1
Ты совершенно некомпетентен.,28,3,5,2,5,0.7884758380393198,14,1,0.1513263270425409,2,1
Это замечательный комментарий! !,32,3,2,1,3,0.41665305073164594,17,0,0.07050674524351386,1,0
КАКОЙ УЖАСНЫЙ КОММЕНТАРИЙ.,24,3,5,2,3,0.7662219432253727,16,1,0.4427538324028433,5,1
ваш комментарий очень поддерживает.,34,4,1,2,0,0.91828346836306,17,1,0.9492739665445041,4,0
это замечательный комментарий!,31,2,0,2,0,0.2565194548701969,20,1,0.15494247495443902,5,0
Какой ужасный комментарий.,27,3,5,2,1,0.5076382589928969,16,1,0.36585736405475267,2,1
ты ничего не понимаешь!,22,4,2,1,4,0.5446519977672479,17,0,0.9370427057062382,9,1
Очень полезная информация.,27,3,1,2,2,0.4045203700874729,17,0,0.08365875998245953,1,0
Мне понравился ваш пост. слово,32,6,1,0,0,0.5762735353235882,15,0,0.21166245060708144,4,0
какой ужасный комментарий.,26,4,5,2,1,0.2132654209077366,16,1,0.31220115413968375,10,1
Спасибо за вашу помощь!,21,5,0,2,3,0.45920822064899314,18,0,0.2858917451160021,7,0
ТЫ СОВЕРШЕННО НЕКОМПЕТЕНТЕН. !,29,3,5,1,0,0.6285166152852321,13,0,0.9297750316277479,6,1
"МНЕ НРАВИТСЯ, КАК ВЫ ОБЪЯСНЯЕТЕ.",34,6,0,1,5,0.6166757427630893,16,1,0.9570110747047573,7,0
Ты совершенно некомпетентен.,30,3,4,1,0,0.8886882174156538,15,1,0.3152600103488242,6,1
Это действительно хороший совет.,33,4,1,0,4,0.2048338739618346,15,1,0.17426515905216233,9,0
Мне понравился ваш пост.,25,4,3,0,1,0.09341638281977782,17,1,0.11995593545347616,10,0
ОЧЕНЬ ПОЛЕЗНАЯ ИНФОРМАЦИЯ. СЛОВО,32,3,2,2,1,0.40654854600350554,17,0,0.4731834732843254,8,0
это замечательный комментарий!,31,4,0,1,2,0.9342484978353304,20,1,0.7287533091627687,3,0
какой ужасный комментарий.,25,3,2,2,5,0.6884550077249999,18,0,0.20554685398521966,2,1
"Ужасный пост, удали это.",25,5,2,3,0,0.0022302492534168605,18,1,0.7471696512100964,9,1
"Ужасный пост, удали это. слово",31,4,5,2,5,0.06864843060069137,19,1,0.657577177164988,8,1
Какой позорный текст!,20,2,5,2,2,0.7772751315470013,14,1,0.2774555260757404,0,1
"Мне нравится, как вы объясняете.",31,4,3,2,4,0.9407803385943735,19,0,0.3520244074658727,0,0
"МНЕ НРАВИТСЯ, КАК ВЫ ОБЪЯСНЯЕТЕ.",33,4,1,0,5,0.48386768549548853,20,1,0.7679216702701959,8,0
"Мне нравится, как вы объясняете.",33,4,0,0,1,0.7398758421975281,19,0,0.8964948715132034,4,0
Твои слова — это полный провал.,32,6,3,3,5,0.39617818026688145,18,1,0.09318118779422513,6,1
"Мне нравится, как вы объясняете.",30,4,1,1,2,0.26038494570451776,17,1,0.016436036785213437,4,0
Зачем ты вообще пишешь?,25,4,3,1,4,0.9679242751510027,17,1,0.5877191276246512,3,1
"ПРЕКРАСНЫЙ ДЕНЬ, ЧТОБЫ ОБСУДИТЬ ЭТУ ТЕМУ. ?",43,6,3,2,0,0.08336359164390239,23,0,0.08037288523845088,8,0
Твои слова — это полный провал.,30,5,2,2,3,0.07756006323216957,17,1,0.6183677890445965,0,1
ОЧЕНЬ ПОЛЕЗНАЯ ИНФОРМАЦИЯ.,25,4,2,2,1,0.6236532828856967,18,1,0.18560347935298593,10,0
"Мне нравится, как вы объясняете.",33,4,2,1,1,0.4233406291084939,20,1,0.6140231292731995,8,0
Никогда не читал ничего хуже. слово,33,5,4,1,5,0.04449205092152786,19,1,0.5051116819229089,6,1
Это просто бред.,17,3,2,3,1,0.25392820604017596,11,0,0.07259009845598441,1,1
Спасибо за вашу помощь! пример,28,6,3,2,2,0.3335892374828242,19,0,0.41108035526840303,2,0
КАКОЙ УЖАСНЫЙ КОММЕНТАРИЙ. !,27,3,2,1,3,0.690929539053936,15,0,0.6552707568031026,5,1
"ВЫ ОТЛИЧНО СПРАВИЛИСЬ, ПРОДОЛЖАЙТЕ В ТОМ ЖЕ ДУХЕ!",48,7,3,0,3,0.21195233426960502,22,0,0.43585569423314585,5,0
Какой ужасный комментарий.,24,4,3,1,2,0.8806948604879203,18,1,0.7524214813303529,7,1
Ты только тратишь время людей.,32,4,4,3,2,0.14968584529504325,20,1,0.6969874772430407,3,1
Никогда не читал ничего хуже.,31,5,2,1,3,0.5977493116491455,16,0,0.5446187862465286,4,1
Твои слова — это полный провал.,29,5,2,3,4,0.6420886818519219,17,0,0.7837585058226657,0,1
"Прекрасный день, чтобы обсудить эту тему. слово",49,8,2,2,0,0.3289839281136402,22,0,0.11758004923150489,5,0
Твои слова — это полный провал.,29,6,2,3,5,0.03910893069665189,16,1,0.2996099176457946,10,1
Зачем ты вообще пишешь?,22,4,4,1,2,0.7831847723630093,17,0,0.876696160153471,4,1
какой позорный текст!,20,3,3,1,4,0.3608818414676135,16,0,0.8356793152073245,10,1
НИКОГДА НЕ ЧИТАЛ НИЧЕГО ХУЖЕ.,28,4,2,2,4,0.9751641319268674,16,0,0.278462837125929,8,1
зачем ты вообще пишешь?,25,4,5,1,0,0.5454318473480976,18,1,0.45386057008647607,9,1
"ПРЕКРАСНЫЙ ДЕНЬ, ЧТОБЫ ОБСУДИТЬ ЭТУ ТЕМУ.",42,7,1,0,2,0.4352923655170947,22,1,0.7899118103643014,8,0
"мне нравится, как вы объясняете.",31,5,0,0,4,0.007480463014662431,20,0,0.9396094505847156,7,0
"Вы отлично справились, продолжайте в том же духе!",50,7,0,0,2,0.9720245184096576,25,1,0.18631248388224086,10,0
Какой позорный текст!,19,4,2,2,2,0.5183884673334123,17,0,0.6255936760386087,8,1
"Ужасный пост, удали это.",25,4,4,1,4,0.8816061040548321,16,1,0.06519341841334836,4,1
"ЭТО БЫЛА ИНТЕРЕСНАЯ СТАТЬЯ, СПАСИБО.",35,5,1,0,5,0.7458745442273129,20,0,0.9021647172889918,5,0
Ты ничего не понимаешь! пример,32,4,2,3,2,0.9546636647817227,16,0,0.8337761661380443,5,1
Это замечательный комментарий!,32,2,3,0,4,0.7947208372445566,16,1,0.5143220356541381,4,0
Никогда не читал ничего хуже.,27,4,3,1,3,0.3298836437981101,19,0,0.6386131286897427,5,1
"прекрасный день, чтобы обсудить эту тему. ?",43,6,3,0,4,0.18046745340705583,25,1,0.5946586575893713,9,0
очень полезная информация.,28,3,3,2,4,0.5656746052147139,18,1,0.854844183444263,8,0
ТЫ НИЧЕГО НЕ ПОНИМАЕШЬ! ?,26,6,4,3,5,0.5943228650595779,16,1,0.644289789862362,4,1
Твои слова — это полный провал.,30,7,3,2,2,0.45013406433918446,17,1,0.3258056109986247,7,1
Ваш комментарий очень поддерживает.,35,5,1,2,5,0.41768825552428424,20,0,0.7942073061818276,6,0
Зачем ты вообще пишешь?,21,3,5,1,4,0.005000452970324809,19,0,0.6960072390597795,7,1
Это просто бред.,17,2,5,2,4,0.657455742219854,12,0,0.5624178136174529,0,1
Никогда не читал ничего хуже. .,32,6,5,1,2,0.9446790594899785,17,1,0.9599424382529389,4,1
это просто бред.,16,2,2,1,4,0.09152228205042157,9,0,0.02123960249393686,1,1
"Прекрасный день, чтобы обсудить эту тему.",42,7,0,2,3,0.6973008709893105,20,1,0.7614367955326992,2,0
Какой позорный текст!,23,3,3,3,0,0.6569308596263816,13,1,0.15389191442650463,5,1
твои слова — это полный провал.,30,5,5,3,4,0.8714329242407841,17,1,0.34047912804552916,2,1
"Вы отлично справились, продолжайте в том же духе!",47,8,3,0,2,0.6347255348043613,23,0,0.19580930795295648,3,0
"это была интересная статья, спасибо.",38,6,1,0,0,0.4036037405248578,17,1,0.2394200105883003,3,0
"прекрасный день, чтобы обсудить эту тему.",42,5,1,1,5,0.5061548877279051,22,1,0.3596304660733791,9,0
ваш комментарий очень поддерживает. текст,41,4,0,2,1,0.8850565499836407,19,1,0.5234927090574563,10,0
"Мне нравится, как вы объясняете. .",32,5,1,1,0,0.5631084193669825,17,1,0.6190087836240865,4,0
Мне понравился ваш пост.,22,3,2,2,5,0.6716163557634417,14,1,0.30897849800569466,4,0
очень полезная информация.,26,4,3,1,1,0.3352665471202769,19,1,0.6316556088191517,4,0
Какой позорный текст!,21,4,4,3,4,0.8678938442915131,14,1,0.6023384080628248,3,1
"Это была интересная статья, спасибо. ТЕКСТ",41,5,1,0,1,0.5341702087689095,24,0,0.7899346351858741,8,0
Ты совершенно некомпетентен. слово,35,3,2,1,3,0.41625171121503357,17,0,0.3704092799304346,2,1
Зачем ты вообще пишешь?,25,4,5,3,3,0.4030393473450624,15,1,0.8475277858636798,8,1
ЗАЧЕМ ТЫ ВООБЩЕ ПИШЕШЬ?,22,4,4,3,0,0.4575844019251747,18,1,0.1455875364252055,2,1
Ваш комментарий очень поддерживает.,33,4,2,2,5,0.817504206069396,18,0,0.1558145398313071,2,0
Какой позорный текст!,21,2,5,3,0,0.13188436672420079,16,0,0.3662172746234631,0,1
"Прекрасный день, чтобы обсудить эту тему.",43,7,3,1,0,0.3700200002054834,21,0,0.6269088131233314,7,0
Зачем ты вообще пишешь?,25,4,4,3,2,0.8103563219902739,19,0,0.286190261348105,6,1
Очень полезная информация. .,28,3,2,2,0,0.5831653684069733,16,1,0.5758412193837235,6,0
Ты ничего не понимаешь! ?,24,6,5,1,5,0.23737270505969543,17,0,0.30496717320096844,9,1
ОЧЕНЬ ПОЛЕЗНАЯ ИНФОРМАЦИЯ.,28,4,0,1,1,0.8111522180357815,15,1,0.8418583377950869,1,0
"УЖАСНЫЙ ПОСТ, УДАЛИ ЭТО. СЛОВО",31,6,5,2,0,0.5988268333560848,18,0,0.5934379561896896,8,1
Спасибо за вашу помощь! слово,30,5,2,1,4,0.9988434279066755,17,0,0.0436342790749652,8,0
"ЭТО БЫЛА ИНТЕРЕСНАЯ СТАТЬЯ, СПАСИБО.",37,4,3,2,1,0.8805243322458223,20,0,0.824242668307216,0,0
Ты только тратишь время людей.,28,5,2,1,4,0.2599805162291152,19,1,0.8303274371471263,10,1
Очень полезная информация.,27,2,1,1,3,0.8645292106887061,19,1,0.9765248846441287,6,0
Ты совершенно некомпетентен. ТЕКСТ,36,3,5,3,0,0.03451108055185592,17,1,0.9590450398637598,3,1
ЗАЧЕМ ТЫ ВООБЩЕ ПИШЕШЬ?,21,5,3,3,1,0.8375527497059797,18,1,0.9329823302282554,8,1
Ты совершенно некомпетентен.,29,4,4,3,2,0.31183559698582064,16,0,0.9355426374576202,5,1
это просто бред.,18,4,5,3,5,0.31831048483755475,11,1,0.11695812687810869,5,1
Ты совершенно некомпетентен. !,32,5,2,3,4,0.31288491560141707,17,0,0.6558703840845559,0,1
КАКОЙ УЖАСНЫЙ КОММЕНТАРИЙ.,26,2,2,2,4,0.05862440195746088,16,0,0.21883586549074585,6,1
ТВОИ СЛОВА — ЭТО ПОЛНЫЙ ПРОВАЛ. СЛОВО,38,7,5,3,1,0.5340346078790238,17,0,0.8438688574952468,9,1
Очень полезная информация.,25,3,3,0,0,0.7484115886140716,16,1,0.03184561922922613,3,0
Ты ничего не понимаешь!,23,4,2,1,1,0.25757861605313703,14,0,0.35029926461887184,0,1
Это действительно хороший совет.,33,3,0,0,5,0.7058104217618356,18,0,0.6132650314008761,3,0
"Вы отлично справились, продолжайте в том же духе! !",49,9,2,1,1,0.36261212348261185,24,0,0.08860778583854545,7,0
"Это была интересная статья, спасибо. слово",41,5,2,1,0,0.7617278691318534,18,0,0.5800658442249166,3,0
Мне понравился ваш пост.,22,5,0,2,2,0.25453147328151915,17,1,0.03840413118458852,6,0
ОЧЕНЬ ПОЛЕЗНАЯ ИНФОРМАЦИЯ.,25,3,0,0,4,0.6883803403850136,15,0,0.9953503227812751,8,0
Какой позорный текст! слово,25,4,5,2,4,0.5682960674483356,15,1,0.35298815859603294,9,1
Очень полезная информация.,25,3,0,2,2,0.8631412087135523,20,0,0.8282887321505088,0,0
Спасибо за вашу помощь!,21,5,0,0,3,0.9511680663494323,14,1,0.2498122215978923,0,0
Это замечательный комментарий!,32,4,1,2,0,0.942997397079555,20,0,0.34490999622826324,3,0
"Прекрасный день, чтобы обсудить эту тему. ТЕКСТ",46,8,1,2,5,0.9555946783466465,25,0,0.00489147211383989,0,0
Какой ужасный комментарий. ТЕКСТ,34,4,3,2,2,0.9082556944446492,21,1,0.9969382875581965,5,1
"Ужасный пост, удали это.",22,3,5,2,0,0.6246333218115954,17,0,0.48888956088735525,5,1
Ваш комментарий очень поддерживает.,33,3,3,2,1,0.5999926535461647,18,1,0.6705563838172166,6,0
Какой позорный текст!,21,4,3,3,1,0.37846168189202234,15,0,0.17350964557509552,2,1
Спасибо за вашу помощь!,25,4,3,0,4,0.8263205674248484,17,1,0.7698233248490239,2,0
ты ничего не понимаешь!,22,5,2,1,4,0.04608690036238994,17,0,0.4888667974004238,7,1
какой позорный текст! ?,24,3,3,1,2,0.7833460991629606,14,0,0.7445911789922139,0,1
"МНЕ НРАВИТСЯ, КАК ВЫ ОБЪЯСНЯЕТЕ.",32,6,2,0,1,0.371911008107626,17,0,0.3663567875004382,9,0
Очень полезная информация.,26,3,2,2,1,0.3811575960527148,17,1,0.06123908220931673,5,0
Это действительно хороший совет.,31,3,0,2,5,0.332644722899313,18,0,0.7214861919074883,3,0
ТЫ ТОЛЬКО ТРАТИШЬ ВРЕМЯ ЛЮДЕЙ.,29,6,2,1,0,0.343354381422042,19,0,0.6109898532692152,3,1
Ты совершенно некомпетентен.,27,4,3,1,3,0.9180463450286624,15,1,0.7742850307805709,3,1
Какой ужасный комментарий. слово,32,5,3,3,2,0.55492035348329,21,1,0.7641948923198671,4,1
Никогда не читал ничего хуже.,30,5,2,2,2,0.5100815119755471,15,1,0.6731608857543342,3,1
Зачем ты вообще пишешь?,22,5,2,2,4,0.555584554779112,17,1,0.9458929060897268,1,1
"вы отлично справились, продолжайте в том же духе!",47,9,1,2,4,0.5229287035439762,25,0,0.4232943771244301,9,0
Спасибо за вашу помощь!,22,4,0,2,0,0.922568787451721,15,0,0.7666867361534392,7,0
ОЧЕНЬ ПОЛЕЗНАЯ ИНФОРМАЦИЯ.,26,3,3,0,5,0.5115308480155515,15,1,0.8052848311549982,6,0
спасибо за вашу помощь!,21,3,2,0,4,0.9293518645236676,14,0,0.37292290769477454,7,0
Это действительно хороший совет.,32,4,1,1,3,0.4276739567036151,19,0,0.8364989043733391,10,0
Какой позорный текст! !,23,4,4,1,5,0.4698663903603604,14,1,0.7259982654610998,5,1
Это замечательный комментарий! !,31,3,0,2,5,0.30443248605985085,20,0,0.1092254310510331,0,0
мне понравился ваш пост. текст,31,5,2,0,3,0.9633089813339876,17,1,0.7680110055039088,5,0
Зачем ты вообще пишешь?,21,5,2,1,3,0.2988777109918075,18,0,0.4350828491976433,5,1
Никогда не читал ничего хуже.,30,6,5,2,2,0.019121077715638424,17,1,0.9887203160649322,6,1
"Ужасный пост, удали это.",23,5,3,3,3,0.4584655481513159,19,0,0.5666558765020301,9,1
Никогда не читал ничего хуже.,31,5,4,2,0,0.8376779934920229,18,1,0.3000471457337779,8,1
"Ужасный пост, удали это.",26,3,3,1,4,0.44020329129860847,18,0,0.8567707948350736,9,1
мне понравился ваш пост.,22,4,0,0,5,0.21418038415456875,17,0,0.38728686586422234,9,0
Зачем ты вообще пишешь? .,25,6,4,3,0,0.7838286058554672,19,1,0.0829936570309252,10,1
"Вы отлично справились, продолжайте в том же духе! .",53,8,3,2,2,0.3476236476079342,23,1,0.29427595412504093,4,0
"ужасный пост, удали это. слово",28,5,2,1,3,0.4853946279044452,18,1,0.44088393007551474,0,1
Мне понравился ваш пост.,23,3,1,2,0,0.9182209647853468,14,1,0.522108221535467,2,0
Ваш комментарий очень поддерживает.,37,3,0,2,2,0.08359844248599602,19,1,0.5204987184625294,4,0
Зачем ты вообще пишешь?,24,4,3,2,4,0.7364278667146952,15,1,0.7915278260324102,0,1
это просто бред.,15,2,2,3,1,0.3948057356635325,9,1,0.25664913849483806,10,1
"Ужасный пост, удали это. !",26,6,2,1,1,0.9280345802311676,20,0,0.1441877596763158,3,1
Ваш комментарий очень поддерживает.,36,5,2,1,2,0.06478612057020916,18,0,0.33395092193178255,5,0
Ты совершенно некомпетентен.,29,4,4,1,0,0.2565385845199911,13,0,0.6861416853356632,3,1
"Вы отлично справились, продолжайте в том же духе! !",53,9,1,0,1,0.8268415407854743,22,1,0.937677916310741,2,0
Твои слова — это полный провал. .,33,8,4,1,0,0.9985018898095828,17,0,0.6449489599553239,3,1
твои слова — это полный провал.,32,6,3,3,4,0.1409121237929466,17,0,0.45243943779744045,8,1
это действительно хороший совет. текст,38,5,3,2,0,0.055271969534606114,19,0,0.9142117832189932,10,0
Ты только тратишь время людей. !,32,6,3,2,0,0.424632847275646,23,1,0.9100108373698211,5,1
Какой позорный текст! .,24,4,3,1,2,0.7693815297260258,18,1,0.1551580767893026,4,1
ЭТО ДЕЙСТВИТЕЛЬНО ХОРОШИЙ СОВЕТ.,32,5,3,2,4,0.994427910553335,16,0,0.6000522640737164,4,0
Какой ужасный комментарий. ?,27,5,5,3,1,0.42680287626660773,19,0,0.10425129077053885,2,1
ЭТО ЗАМЕЧАТЕЛЬНЫЙ КОММЕНТАРИЙ!,28,2,1,1,2,0.09798913153933486,20,0,0.8836468377152772,9,0
НИКОГДА НЕ ЧИТАЛ НИЧЕГО ХУЖЕ.,30,5,2,3,0,0.9812482437078488,15,0,0.8031504525627438,6,1
Мне понравился ваш пост.,24,4,0,2,1,0.5553634838430519,14,0,0.4823726637978307,0,0
ЗАЧЕМ ТЫ ВООБЩЕ ПИШЕШЬ? .,27,6,3,2,2,0.3869326244547565,20,0,0.10345466937126557,1,1
Никогда не читал ничего хуже.,29,6,4,2,1,0.11166249837290498,16,0,0.94652923758366,5,1
Очень полезная информация. ТЕКСТ,31,3,2,2,5,0.8297574935159661,22,1,0.3506023407481099,3,0
Ты совершенно некомпетентен.,30,2,5,2,3,0.41230816693054073,17,0,0.6882423689686376,8,1
"вы отлично справились, продолжайте в том же духе!",51,7,1,2,5,0.2861039226197275,25,1,0.9281608998136575,2,0
Ты только тратишь время людей.,28,5,3,1,1,0.024992469931741645,19,1,0.30235946587616835,3,1
Это замечательный комментарий!,31,4,0,1,4,0.20030696753486843,17,0,0.020037877302798157,0,0
Ваш комментарий очень поддерживает.,35,3,0,0,1,0.3010525945922684,18,0,0.7903157411708174,9,0
Очень полезная информация.,24,3,1,1,5,0.11061370215793886,17,0,0.3157362399251673,5,0
НИКОГДА НЕ ЧИТАЛ НИЧЕГО ХУЖЕ.,28,6,4,3,2,0.13799645880948064,15,0,0.6225533424592613,0,1
это действительно хороший совет.,32,3,1,0,5,0.14087391942163174,18,0,0.12422845600598342,9,0
Очень полезная информация.,24,2,2,1,2,0.6028087544543475,19,0,0.7760990628364369,10,0
ОЧЕНЬ ПОЛЕЗНАЯ ИНФОРМАЦИЯ.,27,4,3,2,0,0.05781207765054497,17,1,0.8883432329339163,8,0
Это действительно хороший совет.,34,4,0,2,3,0.33351094029132966,18,0,0.5035063424630489,4,0
"Ужасный пост, удали это. слово",31,5,5,3,3,0.08477096641626136,17,1,0.1441194677386597,0,1
никогда не читал ничего хуже.,29,5,4,3,3,0.645748734262058,17,0,0.9088523789128208,1,1
"мне нравится, как вы объясняете. .",35,5,3,0,5,0.828773123374742,18,0,0.7571846107141431,9,0
Это замечательный комментарий!,32,4,2,1,5,0.3878722404886663,20,1,0.4689809578945452,5,0
Ваш комментарий очень поддерживает.,36,4,3,0,1,0.6539280380327358,20,1,0.5177123909366979,6,0
"мне нравится, как вы объясняете.",34,6,3,0,2,0.31699095231524754,18,0,0.2932063793558105,9,0
Ваш комментарий очень поддерживает.,35,5,0,2,2,0.023686604079755202,19,0,0.25916064657627047,9,0
это замечательный комментарий!,32,3,1,1,0,0.6999667577606664,17,0,0.9033447223882124,1,0
"Вы отлично справились, продолжайте в том же духе!",51,9,2,0,0,0.3466815454469534,23,0,0.7730138271476997,5,0
ты совершенно некомпетентен.,28,3,2,3,5,0.7249773703340463,16,0,0.15758106327333177,2,1
"ужасный пост, удали это.",22,4,3,3,3,0.19529742971614794,19,1,0.17641264589445216,5,1
какой ужасный комментарий. ?,28,5,5,2,2,0.023695611107461545,17,0,0.15976201222803832,9,1
Это действительно хороший совет.,31,3,1,0,4,0.25638570316329434,16,0,0.8268109216623929,1,0
"Прекрасный день, чтобы обсудить эту тему.",42,6,2,2,4,0.7113112646070575,21,0,0.14893581751097607,4,0
Ты совершенно некомпетентен. .,32,5,3,2,5,0.536198758872507,13,1,0.25762034053236715,10,1
какой ужасный комментарий.,28,2,3,3,4,0.941514981455416,15,0,0.06800366510951261,6,1
Ты ничего не понимаешь!,21,3,4,2,0,0.8403750223473241,16,1,0.5420000996955954,7,1
"Мне нравится, как вы объясняете.",32,4,1,0,3,0.5742569561110139,17,0,0.5313694929769391,1,0
Какой ужасный комментарий. ?,30,4,5,3,1,0.03156362086147002,20,1,0.4207482271192713,10,1
ЭТО ЗАМЕЧАТЕЛЬНЫЙ КОММЕНТАРИЙ!,28,4,3,2,1,0.6195773437179686,17,0,0.064500459703283,10,0
"вы отлично справились, продолжайте в том же духе!",48,7,3,2,5,0.4624488408948615,22,0,0.22242801717894078,4,0
Ваш комментарий очень поддерживает.,36,4,0,1,4,0.8083936843916111,22,0,0.2996004933643881,5,0
"Мне нравится, как вы объясняете. ?",32,7,3,2,5,0.24890220371771654,17,1,0.6766421353034673,7,0
твои слова — это полный провал.,31,6,2,2,2,0.09949493582773683,18,0,0.8664979864160219,9,1
Ты совершенно некомпетентен. ТЕКСТ,36,3,2,2,2,0.6465047517258443,19,0,0.3969318231671545,10,1
Ваш комментарий очень поддерживает.,33,5,0,0,3,0.40581062219185104,22,1,0.7918943343825787,10,0
ТВОИ СЛОВА — ЭТО ПОЛНЫЙ ПРОВАЛ.,29,5,4,2,0,0.9845158494366872,16,1,0.6065552702737659,10,1
"ПРЕКРАСНЫЙ ДЕНЬ, ЧТОБЫ ОБСУДИТЬ ЭТУ ТЕМУ.",42,5,3,1,2,0.8865390473882494,21,1,0.5183105339789108,9,0
"Мне нравится, как вы объясняете.",34,4,0,1,2,0.7795621958536653,17,1,0.3333944661381262,9,0
"ПРЕКРАСНЫЙ ДЕНЬ, ЧТОБЫ ОБСУДИТЬ ЭТУ ТЕМУ.",39,5,2,2,5,0.2382891995973272,21,0,0.21374027975398646,8,0
Ты совершенно некомпетентен.,29,4,2,1,5,0.6880428052613525,14,1,0.6741958401163957,0,1
"ЭТО БЫЛА ИНТЕРЕСНАЯ СТАТЬЯ, СПАСИБО. ПРИМЕР",41,5,2,2,0,0.5295413324509246,21,1,0.5874096474573308,0,0
Ты ничего не понимаешь!,21,3,4,3,2,0.10981376526964559,13,0,0.4358550492020502,6,1
Мне понравился ваш пост.,26,5,2,2,1,0.9516884021741588,18,0,0.8150725611871337,4,0
это действительно хороший совет.,30,3,0,1,5,0.7366809590999319,19,1,0.6217795816360806,9,0
Никогда не читал ничего хуже.,28,4,5,2,5,0.3285113749688272,19,0,0.726440083406746,3,1
Очень полезная информация.,27,4,0,0,0,0.28747821939511,16,1,0.5875698047528641,4,0
Зачем ты вообще пишешь? .,25,4,2,2,2,0.34694591619784787,17,0,0.10850589717709014,9,1
Какой ужасный комментарий.,24,2,4,2,2,0.0857967396577275,15,1,0.45375909569263195,8,1
Ты только тратишь время людей.,30,4,4,2,5,0.356343148234457,21,0,0.12062796729183867,6,1
Это действительно хороший совет.,31,5,1,2,5,0.906527781721239,15,0,0.731556913944601,6,0
"Мне нравится, как вы объясняете.",31,6,1,0,2,0.5391997795874518,20,0,0.0554107831814189,2,0
"мне нравится, как вы объясняете.",34,4,0,0,5,0.5197700080214732,18,0,0.3801563703612205,4,0
Какой ужасный комментарий.,28,2,4,1,3,0.8732823462868464,17,0,0.15150105940093006,6,1
спасибо за вашу помощь!,25,5,1,0,4,0.7996794509246651,16,0,0.04272992096536299,7,0
Ваш комментарий очень поддерживает. пример,42,6,1,1,4,0.6119502930174178,18,0,0.5905306073143477,1,0
"ПРЕКРАСНЫЙ ДЕНЬ, ЧТОБЫ ОБСУДИТЬ ЭТУ ТЕМУ.",39,7,1,1,1,0.49608690138052947,23,0,0.35979736672174056,10,0
Зачем ты вообще пишешь?,22,4,2,1,2,0.5085750902872711,19,0,0.9162298586886116,9,1
ТЫ СОВЕРШЕННО НЕКОМПЕТЕНТЕН. ТЕКСТ,34,5,5,3,1,0.6096040973273216,16,0,0.1648414030451797,5,1
"Ужасный пост, удали это.",25,4,2,2,0,0.8091919829266911,16,0,0.002471507463588929,7,1
Зачем ты вообще пишешь?,23,3,4,3,4,0.46586436892743965,16,1,0.9709463875889348,7,1
Очень полезная информация.,26,2,3,1,1,0.11387550015376335,19,1,0.36625342032209385,5,0
"Мне нравится, как вы объясняете. ?",36,5,3,2,0,0.9250657553838981,18,0,0.4597369383874502,0,0
"Прекрасный день, чтобы обсудить эту тему.",40,6,2,2,0,0.9728960255347678,21,0,0.612616858416104,1,0
ЭТО ПРОСТО БРЕД. ТЕКСТ,21,5,3,1,4,0.7554883879560993,13,1,0.7099161001334934,3,1
"мне нравится, как вы объясняете.",30,4,2,1,0,0.9951220108908007,19,1,0.9031350241706213,7,0
"Мне нравится, как вы объясняете.",32,5,1,1,0,0.23109218496152728,20,0,0.01989562696799052,10,0
ваш комментарий очень поддерживает.,36,3,2,1,2,0.4365589471709844,20,1,0.48018154115380685,6,0
Никогда не читал ничего хуже.,28,5,2,1,0,0.6052958736719639,16,0,0.8472562072334828,0,1
Спасибо за вашу помощь! ?,25,5,3,0,5,0.060462380209302946,15,0,0.8362634434950382,9,0
Мне понравился ваш пост.,26,4,2,2,0,0.21559202458529103,17,1,0.9042821288137274,0,0
"Мне нравится, как вы объясняете.",30,5,0,0,4,0.8800830183276196,18,1,0.8373035158246067,4,0
Твои слова — это полный провал.,30,5,5,2,1,0.421791696549913,18,0,0.24754623834853207,7,1
твои слова — это полный провал.,29,7,3,3,3,0.3246855700230715,17,1,0.9314125918583707,3,1
Ваш комментарий очень поддерживает.,36,3,2,0,5,0.8366606305526889,21,1,0.23456879251555895,3,0
"Ужасный пост, удали это.",24,4,5,1,2,0.5097115795329376,17,1,0.7008674439798301,0,1
КАКОЙ УЖАСНЫЙ КОММЕНТАРИЙ. ТЕКСТ,32,4,3,1,0,0.32426465768060697,15,0,0.17892854720092854,6,1
Это просто бред. слово,21,4,2,1,0,0.3468033408911627,12,1,0.6433201012623396,2,1
Ты совершенно некомпетентен. .,30,3,2,1,4,0.8830949894595397,13,1,0.8009761911998652,4,1
Какой ужасный комментарий. ?,29,4,4,3,3,0.13826755163766835,16,0,0.3409437083541773,8,1
Это просто бред.,15,2,5,1,5,0.920636897150084,11,1,0.4505555351430619,4,1
"ужасный пост, удали это.",24,3,2,1,2,0.7947628154171046,19,0,0.2972566622878834,2,1
ЭТО ДЕЙСТВИТЕЛЬНО ХОРОШИЙ СОВЕТ.,31,3,2,0,1,0.14103983103695406,18,1,0.7175598163994631,1,0
Это действительно хороший совет. ?,33,6,2,2,0,0.508874048056051,18,0,0.3628769156410009,9,0
"Это была интересная статья, спасибо.",35,6,2,1,0,0.4286021991944451,17,1,0.4342345907716364,0,0
"Вы отлично справились, продолжайте в том же духе!",49,8,3,0,4,0.16054765066586785,25,0,0.31771427960053356,9,0
КАКОЙ ПОЗОРНЫЙ ТЕКСТ! ТЕКСТ,25,3,5,2,1,0.57745024230813,15,1,0.016946654912042836,7,1
спасибо за вашу помощь!,22,5,1,0,0,0.9849970109137804,16,0,0.7232542032212155,5,0
очень полезная информация. !,29,3,3,0,3,0.5034986415933599,17,0,0.3138618146104055,1,0
"Это была интересная статья, спасибо.",38,5,3,2,3,0.7620465374920404,17,0,0.2511494437374423,1,0
Ваш комментарий очень поддерживает. слово,40,4,1,0,4,0.043092764998725275,20,0,0.06776116390560749,5,0
Зачем ты вообще пишешь? пример,32,4,3,2,2,0.3174905994360875,19,1,0.7382520382829911,0,1
Твои слова — это полный провал.,30,7,5,1,2,0.9057573469818202,15,1,0.2113240704828221,0,1
Ты только тратишь время людей.,32,4,4,3,5,0.9385100518251255,18,0,0.3934095329940729,9,1
"Это была интересная статья, спасибо. слово",42,7,0,1,4,0.4139354225817188,18,1,0.7744852210467409,9,0
Это замечательный комментарий!,31,3,1,0,5,0.7276494053403685,19,1,0.3331449268777201,10,0
ты совершенно некомпетентен.,29,4,3,2,3,0.4897663027687039,13,0,0.25211134817154435,10,1
"Это была интересная статья, спасибо.",37,4,0,1,5,0.2786036236426561,20,1,0.6033204043883236,4,0
ТЫ СОВЕРШЕННО НЕКОМПЕТЕНТЕН.,30,2,3,1,4,0.3095766070322682,15,1,0.8868377938290365,8,1
"Вы отлично справились, продолжайте в том же духе! пример",56,8,3,2,2,0.4822493503678418,25,0,0.8832925470800435,3,0
Никогда не читал ничего хуже.,28,5,5,3,4,0.7026750572658972,17,1,0.5848635758218311,2,1
Никогда не читал ничего хуже. ?,29,6,2,1,1,0.7457842330691168,18,1,0.6925769914174694,6,1
"Это была интересная статья, спасибо.",37,5,3,2,5,0.7780025908413543,16,0,0.17222751026239214,8,0
ЭТО ДЕЙСТВИТЕЛЬНО ХОРОШИЙ СОВЕТ. ?,32,4,2,2,1,0.32648639624000764,20,1,0.7162717031744975,5,0
"Ужасный пост, удали это.",22,4,5,2,0,0.02034336951571214,18,0,0.24360397678323542,4,1
Никогда не читал ничего хуже.,28,4,3,1,5,0.6485889818166225,17,1,0.8228202947474997,0,1
твои слова — это полный провал.,33,5,5,3,5,0.31738425396064485,14,0,0.9008810721267666,6,1
какой ужасный комментарий.,25,2,2,1,1,0.1268225559191999,18,0,0.9520396531016523,6,1
ваш комментарий очень поддерживает. слово,42,5,2,2,3,0.02871206652028846,23,0,0.4028161721579957,2,0
Это действительно хороший совет. слово,38,6,2,2,0,0.629638797270138,18,0,0.6841458659826115,9,0
Спасибо за вашу помощь!,24,4,1,2,5,0.27225094816993933,15,1,0.015513337775774017,2,0
"вы отлично справились, продолжайте в том же духе!",51,9,2,1,0,0.7759424938747326,22,0,0.11206853970141528,4,0
очень полезная информация.,26,4,1,1,2,0.8211686186582255,17,0,0.7386023769894516,0,0
Это замечательный комментарий!,29,4,2,0,1,0.9952924010817232,17,1,0.03432064407383695,7,0
ТЫ СОВЕРШЕННО НЕКОМПЕТЕНТЕН.,30,3,5,2,3,0.07591301888566016,14,1,0.8975668119703041,1,1
Это просто бред.,15,2,5,2,5,0.1738218918823461,10,1,0.46019355868609035,5,1
Ваш комментарий очень поддерживает. слово,39,4,2,2,1,0.699415075775249,23,1,0.6775319720197923,1,0
Никогда не читал ничего хуже.,29,5,3,1,1,0.5636764272206005,17,1,0.4997576975621786,5,1
Спасибо за вашу помощь!,23,3,2,2,3,0.09221174131604659,18,0,0.9796467002004708,9,0
Ваш комментарий очень поддерживает.,35,4,1,0,2,0.8403382780226749,20,1,0.6438914684499067,1,0
ТЫ СОВЕРШЕННО НЕКОМПЕТЕНТЕН.,28,3,4,3,4,0.3085335513283982,16,0,0.4769717075431271,1,1
Это замечательный комментарий! слово,34,4,1,2,3,0.2920427339545062,19,1,0.6168267005379764,0,0
"Мне нравится, как вы объясняете. пример",41,7,3,0,2,0.11140949518259835,20,0,0.06907946365647033,10,0
Ваш комментарий очень поддерживает.,35,3,3,1,1,0.664736032465644,21,1,0.5858270423349001,7,0
Это замечательный комментарий! ТЕКСТ,34,4,3,0,4,0.8657494132063605,21,0,0.808992998383913,8,0
Спасибо за вашу помощь! пример,31,5,2,0,1,0.08205059227334621,19,0,0.45168831370267004,10,0
Ваш комментарий очень поддерживает. !,35,4,1,0,4,0.5748398727002036,21,0,0.15232340401429834,5,0
"МНЕ НРАВИТСЯ, КАК ВЫ ОБЪЯСНЯЕТЕ.",33,5,1,1,3,0.22717268872416474,20,1,0.8100078378930061,10,0
"ВЫ ОТЛИЧНО СПРАВИЛИСЬ, ПРОДОЛЖАЙТЕ В ТОМ ЖЕ ДУХЕ!",47,9,3,2,4,0.45860493970787375,22,1,0.869299897918912,0,0
Зачем ты вообще пишешь? .,26,5,2,2,0,0.9888552470655587,20,1,0.8603054155645614,6,1
Мне понравился ваш пост.,22,4,2,2,5,0.025988023491814283,18,0,0.49399419784039644,6,0
"Прекрасный день, чтобы обсудить эту тему.",43,6,0,1,0,0.47004737938990915,24,0,0.9687242811027805,10,0
"это была интересная статья, спасибо.",34,5,2,2,1,0.6742006246973947,20,1,0.15889456720931727,2,0
Это действительно хороший совет.,30,5,3,2,4,0.5714592028728013,17,1,0.4568769938747086,1,0
Ты только тратишь время людей. ?,34,6,4,1,0,0.15574043879006938,21,0,0.16631168932960116,9,1
Очень полезная информация.,25,4,2,2,4,0.8905876933286834,19,1,0.13481655173303841,8,0
"Прекрасный день, чтобы обсудить эту тему.",43,6,3,2,1,0.926212326493826,23,1,0.8844980856277473,2,0
Какой ужасный комментарий.,24,4,2,1,2,0.647806955405404,19,0,0.24734767053882145,5,1
Спасибо за вашу помощь! .,24,5,1,2,5,0.5086563092442101,17,0,0.9593122623580133,0,0
Это просто бред. ТЕКСТ,24,5,3,3,0,0.04410236361359943,17,0,0.15117942778799387,4,1
ЭТО ДЕЙСТВИТЕЛЬНО ХОРОШИЙ СОВЕТ.,31,3,0,0,0,0.8704725217367851,17,1,0.7576171012410864,2,0
"Прекрасный день, чтобы обсудить эту тему.",43,6,1,0,5,0.08642509478181637,20,1,0.33784091844269704,2,0
ваш комментарий очень поддерживает.,34,3,0,1,3,0.46543162286872697,21,0,0.9598707997811491,4,0
Твои слова — это полный провал. ТЕКСТ,36,8,4,3,5,0.4496302677414026,19,1,0.4445666868717373,0,1
Мне понравился ваш пост.,25,5,3,2,1,0.120428987413987,16,0,0.2939865230661136,8,0
"Прекрасный день, чтобы обсудить эту тему. .",45,8,2,0,5,0.0037771654667092536,22,1,0.6807762520868621,7,0
Ты ничего не понимаешь!,21,4,5,2,3,0.5802215926422102,14,1,0.3027505229835926,4,1
Ты совершенно некомпетентен.,26,4,2,3,3,0.645273835962654,13,0,0.43786232038468165,1,1
"Это была интересная статья, спасибо.",34,6,2,2,4,0.5676451905862215,19,0,0.31875830182534615,2,0
"Вы отлично справились, продолжайте в том же духе!",48,9,0,1,0,0.8979004917047757,23,0,0.02369618624505343,1,0
Какой позорный текст!,23,4,5,1,1,0.6303766129786118,17,1,0.3769825760216341,4,1
"Мне нравится, как вы объясняете.",34,5,0,0,5,0.725428370912752,17,1,0.44749750225352236,7,0
"ВЫ ОТЛИЧНО СПРАВИЛИСЬ, ПРОДОЛЖАЙТЕ В ТОМ ЖЕ ДУХЕ!",50,9,2,1,5,0.5870680083286619,21,1,0.03365558802152524,9,0
"Ужасный пост, удали это.",25,4,4,1,1,0.5914565422713145,20,1,0.08945758289939876,10,1
Ты ничего не понимаешь!,22,4,2,2,5,0.44707111802014987,13,0,0.11182451786473002,4,1
"Вы отлично справились, продолжайте в том же духе! !",52,9,2,0,4,0.46788532630468127,26,0,0.5533096656117931,2,0
"Ужасный пост, удали это.",23,3,5,3,5,0.24448961310963047,18,1,0.2029905676544853,0,1
Какой ужасный комментарий.,27,3,2,1,4,0.7103285671804992,16,0,0.7964089135419465,3,1
это замечательный комментарий! ?,34,5,1,1,4,0.16990901770743738,21,0,0.7153476911879442,4,0
"Мне нравится, как вы объясняете.",34,4,0,2,4,0.6538373165886644,16,1,0.6468833625807768,7,0
Ты ничего не понимаешь! ?,27,6,5,3,4,0.49762639096508265,17,0,0.9184043100555632,10,1
ваш комментарий очень поддерживает.,35,3,0,1,2,0.45111047389293524,18,1,0.1862485982999117,8,0
Ты ничего не понимаешь! пример,32,6,3,2,3,0.24233344854051753,16,0,0.20148298534197417,5,1
МНЕ ПОНРАВИЛСЯ ВАШ ПОСТ.,26,5,3,1,1,0.40607450046970417,16,0,0.41622628705366727,1,0
"Мне нравится, как вы объясняете.",33,5,3,2,1,0.7891497671564046,17,1,0.6384785860078283,2,0
Ваш комментарий очень поддерживает.,33,4,3,0,3,0.6301898582983433,19,0,0.7283485136008305,7,0
Твои слова — это полный провал.,32,5,4,1,0,0.729800038421483,16,0,0.18096588617803855,0,1
Ты совершенно некомпетентен.,27,4,3,3,1,0.9962916067207328,17,0,0.5907025632691016,1,1
"Это была интересная статья, спасибо.",36,4,3,2,4,0.5263952473232845,16,0,0.8689263209177618,2,0
"мне нравится, как вы объясняете.",33,5,0,2,0,0.48169172341810784,16,0,0.5429956462967751,6,0
"Ужасный пост, удали это. .",24,6,3,2,4,0.6165015538803451,19,1,0.310489528903131,6,1
Никогда не читал ничего хуже.,28,5,4,1,2,0.3393848989368934,18,0,0.9908184436952794,9,1
Твои слова — это полный провал.,31,6,5,2,3,0.15395551183155898,17,0,0.8937865110474568,10,1
Ты только тратишь время людей.,30,5,5,2,1,0.5312982759493888,20,0,0.44522152385654534,6,1
Ты совершенно некомпетентен.,29,2,5,1,5,0.4588500029713515,14,1,0.3204225349086519,3,1
"Это была интересная статья, спасибо.",35,6,1,1,1,0.9042895435501602,19,0,0.5322933415567305,1,0
Это действительно хороший совет.,30,5,3,2,1,0.26432871377158296,17,1,0.07190190438424726,10,0
Это просто бред.,17,2,3,1,5,0.27675670034053235,10,0,0.3191401843666176,5,1
ЗАЧЕМ ТЫ ВООБЩЕ ПИШЕШЬ?,23,3,4,2,0,0.19153859752045677,16,1,0.8278379290416742,7,1
ТЫ ТОЛЬКО ТРАТИШЬ ВРЕМЯ ЛЮДЕЙ.,32,6,4,2,1,0.115867698581684,20,1,0.6356087208385806,0,1
"Ужасный пост, удали это. .",25,5,2,3,3,0.37539469089085675,19,0,0.8005591351884495,4,1
"Мне нравится, как вы объясняете.",33,5,0,1,1,0.8024994243873017,17,0,0.2359219159802186,1,0
Какой ужасный комментарий. ?,27,5,4,2,2,0.023165112224955986,20,0,0.2492814880982135,4,1
Ты совершенно некомпетентен. ?,29,4,4,3,3,0.1897830822201505,16,0,0.34657025852311296,1,1
ты совершенно некомпетентен. !,29,5,2,1,3,0.6633580769411888,13,0,0.18406283844008187,10,1
ТЫ ТОЛЬКО ТРАТИШЬ ВРЕМЯ ЛЮДЕЙ. ?,31,7,5,2,0,0.7680957786763662,18,1,0.1221369319480472,6,1
ты только тратишь время людей. ?,34,5,5,2,0,0.11334265431159529,18,1,0.835767366971496,8,1
"Вы отлично справились, продолжайте в том же духе!",47,8,2,2,3,0.5282182861221209,24,1,0.9010741021577733,0,0
это действительно хороший совет. слово,36,5,3,1,3,0.012713502122324027,16,1,0.36867990891889435,9,0
"Ужасный пост, удали это.",24,4,3,1,4,0.9792351201578585,18,1,0.4428251676002868,7,1
"Вы отлично справились, продолжайте в том же духе! ?",52,8,1,0,5,0.9299368425956634,26,1,0.9255980623753944,8,0
Твои слова — это полный провал.,32,7,3,2,5,0.2590456097869499,15,0,0.593696584615839,5,1
"Это была интересная статья, спасибо.",37,4,1,1,5,0.6549608434875379,16,0,0.3255715557449814,0,0
"прекрасный день, чтобы обсудить эту тему. слово",46,8,0,2,2,0.9720196298919173,26,1,0.8141567050262052,6,0
Спасибо за вашу помощь!,22,3,0,1,5,0.6717999010056277,17,1,0.6899151593248501,2,0
Очень полезная информация.,25,4,2,0,5,0.9919342435499121,16,0,0.39799286094443653,7,0
Какой ужасный комментарий. ?,29,5,3,1,1,0.199149486684306,16,1,0.2707628197696006,2,1
спасибо за вашу помощь!,23,4,2,1,2,0.8950102848139893,16,0,0.5228838123889723,5,0
"мне нравится, как вы объясняете.",31,6,2,1,2,0.04165646672908174,18,0,0.432258935860512,7,0
"ВЫ ОТЛИЧНО СПРАВИЛИСЬ, ПРОДОЛЖАЙТЕ В ТОМ ЖЕ ДУХЕ! .",52,10,1,2,1,0.9286245657355585,22,1,0.21785921252473728,0,0
Очень полезная информация.,26,4,3,1,5,0.283813205128566,18,1,0.10452192328146825,9,0
"Вы отлично справились, продолжайте в том же духе!",50,7,0,0,2,0.596199908466902,23,1,0.19771897580319375,10,0
"Вы отлично справились, продолжайте в том же духе! .",50,10,2,1,4,0.4817960102326241,26,1,0.9126604396963138,8,0
Мне понравился ваш пост.,26,5,3,1,0,0.5134794459705878,16,1,0.1352149714325478,3,0
"Мне нравится, как вы объясняете. ТЕКСТ",40,7,0,2,5,0.14116605844299968,21,0,0.49278760229162677,5,0
ЭТО ДЕЙСТВИТЕЛЬНО ХОРОШИЙ СОВЕТ. !,33,4,3,1,2,0.44313717460810054,20,0,0.35056963897776117,7,0
Какой позорный текст! ТЕКСТ,29,5,3,1,0,0.6903139714860776,18,0,0.9587070517109081,10,1
Ты ничего не понимаешь!,25,5,5,1,4,0.4093859203028142,17,0,0.7346463498017344,1,1
"ЭТО БЫЛА ИНТЕРЕСНАЯ СТАТЬЯ, СПАСИБО.",36,6,1,0,4,0.8055270104915426,20,1,0.3706318058742464,3,0
ТЫ НИЧЕГО НЕ ПОНИМАЕШЬ!,25,5,3,2,1,0.8307152777717245,17,0,0.1525729495942152,1,1
Ты совершенно некомпетентен.,27,2,5,2,0,0.5057860816564634,17,1,0.13015198020883145,10,1
Какой ужасный комментарий.,27,4,4,3,3,0.507086342551269,18,0,0.5080956392938201,0,1
Ты ничего не понимаешь!,25,5,3,2,3,0.7954639453044892,16,1,0.1075518309289526,0,1
Ты только тратишь время людей.,32,5,2,1,4,0.23853098051546384,20,0,0.8689710558803665,2,1
Какой ужасный комментарий.,27,3,3,1,5,0.8198556292602968,16,0,0.03513966711411132,5,1
Мне понравился ваш пост. слово,28,5,1,0,5,0.6318374623644409,15,1,0.20172317302057918,3,0
Какой ужасный комментарий.,24,4,4,1,3,0.20159320778674672,19,0,0.20561725762525784,1,1
ТЫ НИЧЕГО НЕ ПОНИМАЕШЬ!,22,4,5,1,2,0.5805841891965005,14,1,0.3779142907129087,10,1
какой ужасный комментарий. .,29,4,2,2,5,0.3255461918294351,15,1,0.03984708504930634,2,1
какой позорный текст!,20,3,5,1,4,0.7557233836663897,16,1,0.6372905890728205,1,1
Мне понравился ваш пост. .,26,5,3,2,1,0.25842250169778425,18,0,0.9122728002559892,0,0
"ПРЕКРАСНЫЙ ДЕНЬ, ЧТОБЫ ОБСУДИТЬ ЭТУ ТЕМУ. !",45,7,3,0,3,0.8045751459346369,21,1,0.9216410472529273,4,0
Очень полезная информация.,24,2,0,2,0,0.12834247029756807,18,0,0.3607930841173369,6,0
Ты совершенно некомпетентен. !,28,3,2,1,3,0.8980266605018333,16,1,0.7182697013162026,10,1
Это просто бред.,17,3,2,1,5,0.7982797968532903,10,1,0.25143974510604805,6,1
Твои слова — это полный провал.,33,5,5,1,0,0.09506027935659533,19,0,0.16155141084952507,8,1
Ваш комментарий очень поддерживает.,36,4,0,0,4,0.5779946994265454,20,0,0.7839411959181162,2,0
Очень полезная информация.,27,3,3,1,4,0.3528968719240332,19,1,0.7384658902759667,10,0
Это действительно хороший совет.,34,5,0,1,4,0.706870818541848,16,0,0.7787436257434905,6,0
"прекрасный день, чтобы обсудить эту тему.",40,6,3,0,1,0.863555392678887,21,0,0.9463792925628784,7,0
Какой ужасный комментарий.,24,3,4,3,5,0.8378071894342282,19,0,0.3272322482520392,1,1
Какой позорный текст!,22,3,2,2,5,0.8499444457094547,13,0,0.8291470714382722,10,1
ЭТО ДЕЙСТВИТЕЛЬНО ХОРОШИЙ СОВЕТ.,32,5,3,0,1,0.7830578350217644,16,0,0.02467744318029752,1,0
"Это была интересная статья, спасибо.",36,6,1,2,5,0.3161393950811837,17,0,0.28325645433422286,8,0
это действительно хороший совет.,33,5,0,0,0,0.041584277963585214,15,1,0.5470191846225247,9,0
Мне понравился ваш пост.,24,5,0,2,4,0.6050425534440639,17,1,0.6857758102457301,3,0
Ты только тратишь время людей.,31,4,2,3,3,0.2892834930182794,19,1,0.7434087033989673,0,1
"МНЕ НРАВИТСЯ, КАК ВЫ ОБЪЯСНЯЕТЕ.",33,6,3,0,5,0.06789244793948035,19,1,0.7536964242071,9,0
ЭТО ДЕЙСТВИТЕЛЬНО ХОРОШИЙ СОВЕТ.,34,4,0,0,2,0.2634336604061539,15,1,0.10120213788232724,3,0
Мне понравился ваш пост. слово,28,4,3,1,2,0.026994487538323897,15,0,0.1590907994438282,10,0
ЗАЧЕМ ТЫ ВООБЩЕ ПИШЕШЬ?,24,4,4,1,5,0.7764235463904382,18,1,0.828925343429761,4,1
Ваш комментарий очень поддерживает. слово,43,5,1,1,0,0.18671377651448384,23,0,0.007019707126258767,7,0
ЭТО ЗАМЕЧАТЕЛЬНЫЙ КОММЕНТАРИЙ!,32,4,2,1,3,0.5103216747988708,18,0,0.06803699634341531,0,0
Какой ужасный комментарий.,24,3,5,3,1,0.7500040427208656,17,0,0.3355654884096487,0,1
Какой позорный текст!,22,3,3,2,2,0.6982800451732093,17,0,0.6602792286276224,2,1
КАКОЙ ПОЗОРНЫЙ ТЕКСТ! СЛОВО,29,3,5,2,4,0.12900904440073135,17,1,0.7091473993164021,9,1
Ты совершенно некомпетентен. слово,33,3,2,3,2,0.4639612150046464,17,0,0.6581542124756649,5,1
Ты ничего не понимаешь! пример,30,5,4,2,4,0.214815159691923,14,0,0.34930671198266516,5,1
Ты ничего не понимаешь!,24,5,3,2,5,0.6704848404564413,16,0,0.2688623429473793,8,1
Ваш комментарий очень поддерживает. пример,41,6,1,0,5,0.056868066656405536,21,0,0.1929154144247729,7,0
"Мне нравится, как вы объясняете.",34,5,0,2,1,0.1713301499562916,20,0,0.7312383133381823,1,0
Это действительно хороший совет.,31,5,3,1,5,0.21815422364582737,19,0,0.6614313572898683,4,0
ТЫ СОВЕРШЕННО НЕКОМПЕТЕНТЕН.,26,4,2,3,1,0.6260759355098895,13,0,0.3668236591383349,9,1
Ваш комментарий очень поддерживает.,35,3,2,2,0,0.5444613470805839,18,1,0.3205680520496551,3,0
"Мне нравится, как вы объясняете.",34,6,0,1,3,0.4769466950888921,20,1,0.48105128328435676,10,0
Спасибо за вашу помощь!,23,3,2,2,3,0.5726801041462778,17,1,0.5928362070817327,5,0
Это действительно хороший совет.,34,4,3,2,0,0.9027546198840405,16,0,0.5185124146807034,2,0
"ПРЕКРАСНЫЙ ДЕНЬ, ЧТОБЫ ОБСУДИТЬ ЭТУ ТЕМУ.",42,7,2,2,5,0.8260105661186801,23,1,0.5064219398255104,5,0
КАКОЙ ПОЗОРНЫЙ ТЕКСТ!,23,4,2,3,5,0.30453850901289425,16,0,0.745283928693848,5,1
Ты совершенно некомпетентен.,27,2,5,2,4,0.8777490376839859,17,0,0.21826538820297536,5,1
Ты только тратишь время людей.,31,6,4,2,5,0.3061312678147461,21,1,0.6109971521618502,7,1
Это замечательный комментарий!,29,4,2,2,5,0.5786120568841001,16,0,0.6188109961809507,3,0
"ЭТО БЫЛА ИНТЕРЕСНАЯ СТАТЬЯ, СПАСИБО.",34,6,0,0,3,0.44342568965733364,16,1,0.7550667291973977,8,0
Спасибо за вашу помощь! !,26,4,2,2,5,0.6885454089766256,16,1,0.43853464534575204,0,0
Это действительно хороший совет.,32,3,2,1,2,0.331689462636393,18,0,0.44858081688281226,2,0
Спасибо за вашу помощь! пример,28,5,3,1,5,0.8774418688207861,18,0,0.5219754582119694,6,0
ты совершенно некомпетентен.,29,2,3,2,3,0.4781098699786217,13,1,0.3742169758987327,9,1
Это просто бред.,16,3,4,2,5,0.8531794753378364,10,1,0.3357376855605877,6,1
это просто бред.,18,3,3,1,4,0.9188461928427731,10,1,0.8224256366169509,0,1
"МНЕ НРАВИТСЯ, КАК ВЫ ОБЪЯСНЯЕТЕ.",33,5,3,2,0,0.4620291901047987,20,1,0.07204355409869301,5,0
Спасибо за вашу помощь!,21,4,3,2,4,0.2556916400841587,15,1,0.3992945856378376,0,0
какой ужасный комментарий.,27,4,5,3,5,0.4244640262213727,15,0,0.7085434557992991,1,1
ТЫ ТОЛЬКО ТРАТИШЬ ВРЕМЯ ЛЮДЕЙ.,30,4,4,1,2,0.3643835196230186,20,1,0.0886968134301519,0,1
"Ужасный пост, удали это.",26,3,2,1,4,0.7680010787117492,16,0,0.7765795893155629,8,1
"Ужасный пост, удали это.",26,3,4,1,2,0.15934281412910745,20,0,0.17168479239702872,6,1
Ваш комментарий очень поддерживает.,35,3,0,0,5,0.037530400327906555,22,0,0.4780735418863401,6,0
Какой позорный текст!,20,3,4,2,3,0.6954743263008757,14,1,0.3166849680929136,5,1
Ты совершенно некомпетентен.,26,3,4,2,1,0.3274522162515092,16,1,0.17432543281166402,10,1
Это замечательный комментарий! пример,36,5,1,1,0,0.32555905632684357,20,0,0.4327868609373434,6,0
Ты совершенно некомпетентен.,28,2,4,2,4,0.42528173864459085,13,0,0.4343056367727125,9,1
ЭТО ДЕЙСТВИТЕЛЬНО ХОРОШИЙ СОВЕТ.,30,3,2,2,4,0.7463872041016036,16,1,0.6651440907073114,4,0
"Это была интересная статья, спасибо.",38,6,3,1,1,0.005246136811724478,17,1,0.6740894659396439,4,0
"Мне нравится, как вы объясняете.",30,5,2,0,3,0.46824372556658345,19,0,0.6867370751678891,4,0
это просто бред.,15,3,3,1,4,0.09840510013351622,9,0,0.3203559851322014,1,1
Это действительно хороший совет. ТЕКСТ,37,4,0,1,2,0.08257684149194744,19,0,0.4155622641237996,1,0
Мне понравился ваш пост.,25,3,1,0,4,0.8828144638002428,15,0,0.6802787031075118,7,0
Твои слова — это полный провал. .,35,7,3,1,5,0.8599923592188439,16,0,0.5612810942655043,5,1
ЭТО ЗАМЕЧАТЕЛЬНЫЙ КОММЕНТАРИЙ! СЛОВО,37,4,1,2,3,0.1857414117327536,21,0,0.05353019843692153,5,0
Очень полезная информация.,26,2,2,0,0,0.670319322861735,17,0,0.1695938042885996,7,0
"Ужасный пост, удали это.",23,3,5,1,0,0.5800289720251773,16,1,0.3062726132276148,1,1
ЗАЧЕМ ТЫ ВООБЩЕ ПИШЕШЬ? ТЕКСТ,30,4,3,2,3,0.589954397188156,18,1,0.0691842968270221,3,1
"вы отлично справились, продолжайте в том же духе! !",53,9,3,2,1,0.8846865273121486,24,1,0.4991831318613523,6,0
"МНЕ НРАВИТСЯ, КАК ВЫ ОБЪЯСНЯЕТЕ.",32,6,2,1,4,0.4178352994367829,17,0,0.11681158915800194,7,0
Какой позорный текст!,22,4,3,1,2,0.2278134809606549,14,1,0.4132755288421964,7,1
Какой ужасный комментарий. ТЕКСТ,31,4,3,2,5,0.7675186825361743,20,0,0.5190250183380486,5,1
Очень полезная информация. ?,29,4,0,1,0,0.8618827449776055,20,1,0.798204959627921,7,0
Какой позорный текст! пример,30,5,4,1,2,0.4686370587913279,19,1,0.8761536955089311,3,1
"Прекрасный день, чтобы обсудить эту тему.",41,6,3,0,4,0.21288056104663633,23,1,0.4109692456673508,9,0
"Ужасный пост, удали это. пример",31,4,2,3,3,0.7767670491980962,21,0,0.3321976969887678,5,1
Очень полезная информация.,28,4,0,2,1,0.2001849700246895,17,0,0.8011780538489003,2,0
Никогда не читал ничего хуже.,29,6,5,3,2,0.8493187329079221,15,0,0.3353465383955144,2,1
Мне понравился ваш пост.,24,3,1,0,4,0.8663282748571518,14,1,0.24450080310347133,4,0
Это просто бред.,15,2,2,2,5,0.769252869425909,9,0,0.35347367273960684,10,1
"Это была интересная статья, спасибо.",38,4,1,1,0,0.8055522723437122,20,0,0.19693716424244279,3,0
Спасибо за вашу помощь!,24,3,0,2,3,0.2669597960761483,15,1,0.8694489562968417,8,0
Это замечательный комментарий!,32,2,1,2,0,0.4104572637874352,16,0,0.9708727015082582,1,0
Это просто бред. слово,21,5,3,3,1,0.676408538906105,13,0,0.2551949870396041,1,1
Ваш комментарий очень поддерживает.,34,4,1,1,2,0.01087194565613081,21,0,0.9563128833054074,3,0
"Это была интересная статья, спасибо. слово",44,6,1,2,1,0.7076480476325226,20,1,0.7431031281534797,3,0
"Это была интересная статья, спасибо. слово",42,6,1,2,4,0.41323006787105343,20,0,0.3145615995184451,4,0
"Это была интересная статья, спасибо.",38,6,0,1,2,0.2743711216962652,18,1,0.6383523448407338,8,0
"Вы отлично справились, продолжайте в том же духе!",50,7,1,2,5,0.17800581759685308,24,1,0.9770701007799121,5,0
"Мне нравится, как вы объясняете. пример",37,7,0,1,2,0.45990021046102225,19,1,0.23042214023696683,8,0
ты совершенно некомпетентен.,26,4,3,2,1,0.4294357138817839,16,0,0.8345994240058803,7,1
Ты ничего не понимаешь!,22,3,4,1,0,0.4137926416904265,13,1,0.978910062229302,3,1
Зачем ты вообще пишешь?,23,5,3,2,0,0.16139913394559902,15,0,0.423093177989894,0,1
Ты ничего не понимаешь!,23,4,2,3,1,0.5903102957079507,17,0,0.9870030355986467,9,1
Спасибо за вашу помощь!,22,4,3,0,1,0.7209383748707365,18,0,0.15703548603211348,6,0
"Прекрасный день, чтобы обсудить эту тему. пример",49,8,0,0,5,0.18471276836978412,24,0,0.5173026712141353,0,0
"прекрасный день, чтобы обсудить эту тему.",39,7,0,0,3,0.9063112285620744,20,0,0.4969039557906395,3,0
Твои слова — это полный провал.,30,5,2,1,5,0.5829512476295169,19,0,0.3481356496749841,8,1
очень полезная информация.,28,2,1,0,0,0.3083500286121795,17,0,0.7790638228364538,7,0
Ты совершенно некомпетентен. пример,33,4,3,1,3,0.09159447443671576,17,1,0.4140811522338643,0,1
ТЫ НИЧЕГО НЕ ПОНИМАЕШЬ! ПРИМЕР,28,5,3,1,2,0.21335476421611388,17,1,0.06656102961553367,5,1
Это действительно хороший совет. слово,37,4,3,0,1,0.341295811382083,19,0,0.7226867379033086,6,0
Мне понравился ваш пост. ?,25,5,3,2,1,0.35511895823062156,15,1,0.0936451052243783,5,0
"Вы отлично справились, продолжайте в том же духе!",49,9,2,1,3,0.6971709167856767,22,0,0.37065282198003957,9,0
"Вы отлично справились, продолжайте в том же духе!",47,8,2,1,3,0.7989390666434582,23,1,0.33519762305789247,3,0
"Вы отлично справились, продолжайте в том же духе! слово",54,9,3,2,1,0.6090183642690312,26,1,0.488869848490041,1,0
Какой ужасный комментарий. !,27,3,4,3,2,0.8877233655446845,17,1,0.4428453029910847,6,1
твои слова — это полный провал.,31,6,4,1,4,0.12939448018012423,18,1,0.07471870610584286,8,1
Это просто бред.,16,4,2,2,2,0.8978398982168135,10,1,0.08698282743822461,9,1
"вы отлично справились, продолжайте в том же духе!",47,9,0,2,4,0.7115282118629941,22,1,0.984496502653975,3,0
"Это была интересная статья, спасибо.",38,6,0,0,5,0.4494060198473443,17,1,0.24419597273999383,3,0
Ты только тратишь время людей.,32,4,3,1,2,0.5230593557385772,18,1,0.1245636756729066,2,1
"ЭТО БЫЛА ИНТЕРЕСНАЯ СТАТЬЯ, СПАСИБО. !",36,6,2,1,2,0.9031921078866809,21,0,0.7394926149374271,7,0
"ЭТО БЫЛА ИНТЕРЕСНАЯ СТАТЬЯ, СПАСИБО. СЛОВО",41,5,2,0,5,0.579998223076068,18,1,0.4387768364401352,0,0
Твои слова — это полный провал.,31,5,5,3,2,0.6792980389661621,18,0,0.09632994655602878,5,1
Ваш комментарий очень поддерживает.,36,5,0,1,2,0.6418655585369434,19,0,0.6030425320686887,9,0
Очень полезная информация.,26,2,0,1,0,0.0006748136065408694,17,0,0.14156650966636763,9,0
Ты совершенно некомпетентен.,26,3,3,2,5,0.19256435301989872,15,0,0.5365840480783459,0,1
спасибо за вашу помощь! ?,24,5,1,0,4,0.27986904417214,16,0,0.7314493386329054,6,0
Это действительно хороший совет. слово,38,6,2,0,5,0.7671739195501034,16,1,0.026605981045001337,2,0
Какой позорный текст!,19,2,3,3,1,0.17808127746281188,16,0,0.37299054458990255,4,1
Ваш комментарий очень поддерживает. слово,40,5,1,1,5,0.2958175145469728,24,0,0.5702447525362515,7,0
СПАСИБО ЗА ВАШУ ПОМОЩЬ!,22,3,0,1,4,0.08702058625258657,16,0,0.0037108303104035345,1,0
ЭТО ДЕЙСТВИТЕЛЬНО ХОРОШИЙ СОВЕТ.,31,4,1,0,0,0.8510239625858966,15,0,0.9536352802596229,8,0
ТЫ ТОЛЬКО ТРАТИШЬ ВРЕМЯ ЛЮДЕЙ.,32,4,3,2,4,0.4894991924616986,21,1,0.6903263003522886,0,1
Ваш комментарий очень поддерживает. !,37,4,1,2,0,0.03073824864993624,20,1,0.5323446753298918,1,0
"Это была интересная статья, спасибо. ?",38,6,1,2,3,0.34158306251367365,17,0,0.4216988131542555,10,0
КАКОЙ УЖАСНЫЙ КОММЕНТАРИЙ. ТЕКСТ,31,3,4,3,2,0.6937598561083697,17,1,0.35034723010418356,0,1
ТЫ СОВЕРШЕННО НЕКОМПЕТЕНТЕН. .,28,4,3,3,2,0.08033788772790784,12,0,0.861638768759908,7,1
Никогда не читал ничего хуже.,29,6,3,2,1,0.6192160439724312,19,1,0.7815842195001299,6,1
"Прекрасный день, чтобы обсудить эту тему. слово",47,8,1,2,3,0.8420123500263708,25,0,0.32207245699073883,0,0
это просто бред.,15,2,3,3,4,0.7878459081685102,11,0,0.6130830158313222,10,1
Ты только тратишь время людей.,31,4,2,1,1,0.22015156565394234,22,1,0.3544686743232691,4,1
Спасибо за вашу помощь!,21,4,0,1,1,0.050335538792549706,16,0,0.32234514367089984,1,0
Это действительно хороший совет.,30,5,2,2,5,0.9985907166467266,17,0,0.3656393791026864,0,0
"ВЫ ОТЛИЧНО СПРАВИЛИСЬ, ПРОДОЛЖАЙТЕ В ТОМ ЖЕ ДУХЕ! ТЕКСТ",56,10,0,1,1,0.4142098136796296,26,1,0.6029777073672662,7,0
Какой ужасный комментарий.,28,4,2,2,0,0.2735285771423579,15,0,0.3498570976583283,8,1
Твои слова — это полный провал. пример,38,8,5,3,1,0.7545234346490812,21,0,0.2538825148147803,5,1
Ты только тратишь время людей.,32,4,5,3,3,0.2573423070559303,19,0,0.49506760756395796,9,1
Зачем ты вообще пишешь?,24,3,4,1,0,0.26875739803716314,18,1,0.39666908149705105,2,1
Это действительно хороший совет.,32,3,0,0,3,0.9244672370146614,16,0,0.5884575260581199,9,0
Это действительно хороший совет.,32,3,2,1,4,0.6427535025440897,18,1,0.410467405692013,0,0
КАКОЙ УЖАСНЫЙ КОММЕНТАРИЙ. .,29,5,3,2,3,0.7646241291304865,15,1,0.16624916752925312,8,1
Зачем ты вообще пишешь?,21,5,2,2,5,0.3567134788825551,19,0,0.9217509792857792,9,1
ЭТО ПРОСТО БРЕД.,18,4,4,2,4,0.19792405120241097,9,1,0.6510842230937329,7,1
Очень полезная информация.,25,2,2,1,0,0.44037129568589883,19,0,0.3004293921765747,2,0
это замечательный комментарий!,29,2,3,1,3,0.3703109959177756,19,0,0.31185341078213624,2,0
это замечательный комментарий!,31,4,0,0,1,0.4373572118592767,20,0,0.3252502761591801,1,0
"прекрасный день, чтобы обсудить эту тему.",43,5,1,0,2,0.7090188913860629,24,1,0.8718620982514641,9,0
какой позорный текст!,22,2,3,1,2,0.6184653927406976,15,1,0.6944307905276245,6,1
Ты ничего не понимаешь! !,25,5,5,3,0,0.9968821636150145,16,1,0.2338192235909482,5,1
"прекрасный день, чтобы обсудить эту тему. ?",41,8,1,0,3,0.24466584620261356,23,1,0.4994452127706447,9,0
"Мне нравится, как вы объясняете.",33,5,3,2,4,0.3724779822955805,18,1,0.7144522047367966,8,0
Ты ничего не понимаешь!,25,5,2,2,3,0.04270414899475694,15,1,0.9365593126831345,0,1
НИКОГДА НЕ ЧИТАЛ НИЧЕГО ХУЖЕ.,29,5,5,3,0,0.4581837938320674,14,1,0.5674508408340594,10,1
Ваш комментарий очень поддерживает.,37,3,1,0,4,0.5463007980595675,21,1,0.416331587613477,8,0
СПАСИБО ЗА ВАШУ ПОМОЩЬ!,21,3,0,1,1,0.6346156069903053,13,1,0.4777537595088521,1,0
Какой ужасный комментарий.,27,4,4,1,4,0.15996790534475425,18,1,0.8191155746343288,9,1
Никогда не читал ничего хуже.,29,6,5,3,3,0.9436502495390976,15,0,0.9070362477695589,10,1
Какой позорный текст!,21,3,2,1,3,0.1699261101070606,17,1,0.02323052219963484,1,1
Ты ничего не понимаешь! !,25,5,3,1,0,0.2643979468640901,15,1,0.6107215025931932,1,1
Какой позорный текст!,20,3,5,1,0,0.5974347853572649,17,0,0.3988535232009752,3,1
"УЖАСНЫЙ ПОСТ, УДАЛИ ЭТО.",26,5,3,2,4,0.4191720482099345,15,1,0.7667355481834148,5,1
Ты ничего не понимаешь! !,26,6,4,1,1,0.04895425367046935,13,1,0.3204568569492533,8,1
это замечательный комментарий!,31,3,3,2,0,0.003493944705046381,17,1,0.5143105632840159,10,0
Твои слова — это полный провал. .,32,6,5,3,0,0.7627271846699546,18,0,0.6342921244990345,9,1
Очень полезная информация.,24,2,1,2,2,0.0345671820825445,18,1,0.6563088832478602,2,0
Ты ничего не понимаешь! ?,23,5,2,3,2,0.3348869771922657,16,0,0.3014279939697393,10,1
"мне нравится, как вы объясняете.",34,4,1,0,4,0.7048243455096391,17,0,0.8085242394458098,4,0
"Вы отлично справились, продолжайте в том же духе! !",52,9,3,2,1,0.2553688475622321,24,0,0.7315760346062897,4,0
Ты только тратишь время людей. слово,36,5,3,1,0,0.02763412557756173,22,1,0.11632524935741662,8,1
мне понравился ваш пост.,23,5,2,0,0,0.3809093915449646,16,0,0.9538482255971625,3,0
ТВОИ СЛОВА — ЭТО ПОЛНЫЙ ПРОВАЛ. !,32,7,5,1,5,0.5547902911230684,18,0,0.9780442084061592,6,1
Зачем ты вообще пишешь? !,25,5,4,1,1,0.8172484126451856,20,1,0.9250674131559433,4,1
"Ужасный пост, удали это.",23,3,5,2,0,0.04084347309646785,16,0,0.3105765499146784,10,1
Твои слова — это полный провал.,30,6,4,2,3,0.1309497592663158,19,1,0.5464352868907634,4,1
Спасибо за вашу помощь! ТЕКСТ,29,4,0,1,4,0.3173962192699008,20,1,0.3955722628701167,3,0
ВАШ КОММЕНТАРИЙ ОЧЕНЬ ПОДДЕРЖИВАЕТ. ПРИМЕР,40,6,1,1,5,0.11846145927848983,21,1,0.3931238203150571,1,0
"УЖАСНЫЙ ПОСТ, УДАЛИ ЭТО. !",25,4,4,2,0,0.570705731974731,20,0,0.3590472815066643,5,1
НИКОГДА НЕ ЧИТАЛ НИЧЕГО ХУЖЕ.,28,5,3,2,2,0.7030983197086157,15,0,0.6994154690370536,7,1
Это замечательный комментарий!,30,3,1,2,3,0.06382858091438948,20,0,0.9052946876621416,9,0
Мне понравился ваш пост. ?,28,4,0,2,2,0.7941453342870887,17,0,0.9701073377733994,8,0
Зачем ты вообще пишешь? !,23,5,5,1,1,0.13291367365823303,20,0,0.12118044019427898,8,1
очень полезная информация.,27,3,0,2,4,0.9374613889082271,15,1,0.17803013587696548,4,0
ТЫ НИЧЕГО НЕ ПОНИМАЕШЬ!,21,3,2,3,2,0.24159265923662854,14,1,0.04658879773872604,2,1
"мне нравится, как вы объясняете.",33,5,2,2,0,0.629295894820969,20,0,0.52151449189226,2,0
"Это была интересная статья, спасибо. !",38,6,1,0,5,0.9397727844582201,20,1,0.21138858651503478,2,0
это действительно хороший совет.,32,3,2,2,5,0.1507428551672516,17,1,0.5814349229231885,3,0
Зачем ты вообще пишешь?,23,3,2,1,4,0.09324965540888708,15,0,0.8945425654230967,4,1
Это замечательный комментарий!,30,3,1,1,3,0.8915383092164468,16,1,0.10327049176881953,10,0
это замечательный комментарий!,28,4,3,0,0,0.08276367631273851,19,0,0.8428233050931004,5,0
зачем ты вообще пишешь?,25,4,2,2,1,0.053059649501987494,18,1,0.9738727312070223,3,1
Какой ужасный комментарий. ?,30,5,3,2,3,0.11604290970037312,20,0,0.2229185417924382,9,1
Ты только тратишь время людей.,29,5,4,3,2,0.3103621745647438,21,0,0.3025816327138332,1,1
Ты только тратишь время людей. ?,33,6,4,1,5,0.9799845420303486,20,1,0.3188769523390502,8,1
"Вы отлично справились, продолжайте в том же духе!",47,7,1,2,4,0.41915194953960466,25,0,0.38490754310730024,1,0
ТЫ СОВЕРШЕННО НЕКОМПЕТЕНТЕН.,28,2,3,1,3,0.4378861288719029,12,0,0.05366378869727606,1,1
Ты ничего не понимаешь!,24,3,5,1,3,0.19701466740272178,16,1,0.2771880482545198,4,1
Твои слова — это полный провал.,33,6,3,1,2,0.7483152555992084,18,0,0.9179861430234573,10,1
Никогда не читал ничего хуже.,31,4,2,2,1,0.10376874360586508,15,1,0.6503626083451943,1,1
никогда не читал ничего хуже. пример,36,6,5,1,0,0.9972009164949331,19,1,0.5719318852737356,9,1
ты только тратишь время людей.,29,5,5,3,1,0.9530286804463153,20,1,0.6757114377170611,7,1
ты только тратишь время людей.,31,4,5,1,4,0.11513398537235853,21,1,0.7643960897603496,3,1
"Это была интересная статья, спасибо.",37,5,3,1,5,0.7403735551165871,18,1,0.9272864682565719,9,0
Твои слова — это полный провал. .,33,7,5,1,5,0.2857532036314736,17,1,0.46330506058864784,0,1
ЭТО ЗАМЕЧАТЕЛЬНЫЙ КОММЕНТАРИЙ!,32,2,3,1,3,0.756742688433528,18,1,0.34742517445075605,7,0
Ты только тратишь время людей.,31,4,3,2,3,0.28002872554853453,21,1,0.48835705940845253,5,1
Какой позорный текст! пример,28,4,4,3,1,0.38581904688461377,16,0,0.6093944210959239,5,1
какой ужасный комментарий.,28,4,3,2,4,0.13120835874275605,17,0,0.3050630334118045,9,1
Это действительно хороший совет.,30,3,3,0,4,0.7337239479461106,15,0,0.7456698569535334,3,0
спасибо за вашу помощь!,22,3,3,0,0,0.418094009226482,17,0,0.13883714811941694,10,0
Ты совершенно некомпетентен.,27,2,5,3,0,0.6878570642449959,17,1,0.9800455906151846,8,1
"Прекрасный день, чтобы обсудить эту тему.",39,5,0,2,0,0.34295642979660756,24,0,0.20129056108847532,1,0
Очень полезная информация.,27,3,0,0,3,0.6896884094634216,17,1,0.02853555477440406,1,0
это замечательный комментарий!,31,3,1,2,5,0.18188260304321568,17,0,0.838992316230483,6,0
Какой позорный текст!,22,3,4,3,2,0.8945110139813328,13,0,0.5789399187703349,3,1
твои слова — это полный провал. слово,39,8,4,2,0,0.24974028333785492,18,0,0.8342172218336114,8,1
ТВОИ СЛОВА — ЭТО ПОЛНЫЙ ПРОВАЛ.,32,5,2,3,4,0.9421079567594698,16,1,0.14237885608684053,4,1
Это просто бред.,17,3,4,1,2,0.48344048383986116,10,1,0.010275230430360272,4,1
Спасибо за вашу помощь!,22,3,0,2,3,0.6670443404114648,14,0,0.5917057249831796,5,0
"Вы отлично справились, продолжайте в том же духе! .",49,9,1,1,1,0.445515432707964,26,0,0.41757691138148056,7,0
Очень полезная информация. .,30,4,0,1,0,0.9442750878037321,20,0,0.38752656708481525,9,0
Мне понравился ваш пост. !,24,6,1,2,5,0.16778213659799124,15,0,0.9848824637577539,7,0
никогда не читал ничего хуже.,30,6,5,1,3,0.669323024280098,16,1,0.35780831730838325,10,1
Ваш комментарий очень поддерживает. !,36,5,2,1,2,0.7979840290096,19,0,0.8079114539407488,7,0
Какой позорный текст!,19,2,5,1,2,0.4253609669610878,15,0,0.6705969383286992,1,1
"Ужасный пост, удали это.",25,4,2,2,4,0.9411653249577838,17,1,0.371035202725879,0,1
"Ужасный пост, удали это. ?",28,5,3,2,5,0.32959349102728397,19,0,0.43663142519897014,4,1
Очень полезная информация.,26,3,1,2,5,0.6521641724361998,19,0,0.8050664456837099,6,0
Зачем ты вообще пишешь?,24,3,4,2,2,0.1880161186366338,15,1,0.2212817804760806,0,1
мне понравился ваш пост.,24,3,3,2,5,0.5168704638914429,14,1,0.06375422322071589,2,0
"Мне нравится, как вы объясняете. ?",32,6,0,1,5,0.8541144209214027,21,1,0.46583934334692423,7,0
Какой ужасный комментарий.,24,2,4,2,4,0.101659781516648,18,1,0.7256380516173491,9,1
это замечательный комментарий!,29,2,3,1,3,0.9872337919922379,20,1,0.9996644498747531,2,0
"мне нравится, как вы объясняете.",34,4,1,2,2,0.7806107646337677,20,0,0.6326215748398508,3,0
Какой позорный текст!,19,2,5,2,2,0.5567991112558102,13,0,0.1824347072354131,9,1
ты ничего не понимаешь! пример,32,6,3,2,3,0.9255407989365211,18,1,0.9116307004161865,8,1
Это просто бред. ТЕКСТ,22,4,2,2,2,0.592948228596238,15,0,0.37747782317269274,4,1
Какой позорный текст!,19,2,4,3,1,0.9813334390903824,16,0,0.5665701182406043,9,1
Какой позорный текст! !,25,3,4,3,4,0.7026310325724352,14,1,0.24893404134205244,10,1
"Это была интересная статья, спасибо.",34,4,0,1,1,0.6994050444911161,19,1,0.33541156266719074,9,0
Ты ничего не понимаешь!,24,5,3,2,4,0.12174366869342346,17,0,0.22921623757033005,7,1
"МНЕ НРАВИТСЯ, КАК ВЫ ОБЪЯСНЯЕТЕ.",34,5,0,1,3,0.07378930138614681,19,1,0.6844625014510057,10,0
"Прекрасный день, чтобы обсудить эту тему.",42,6,0,1,3,0.9294146807952219,23,1,0.0696632631595091,5,0
"ВЫ ОТЛИЧНО СПРАВИЛИСЬ, ПРОДОЛЖАЙТЕ В ТОМ ЖЕ ДУХЕ!",47,9,1,0,3,0.2637326140394721,23,0,0.36045748040543724,7,0
Ты совершенно некомпетентен.,30,2,4,2,2,0.8131610644468451,14,1,0.8795055559067712,7,1
Никогда не читал ничего хуже. .,31,5,2,1,1,0.32293235758275707,18,1,0.724996080059307,10,1
Твои слова — это полный провал.,29,5,3,3,0,0.15157629560811903,17,1,0.7200265085076532,5,1
Ты только тратишь время людей. !,33,7,5,3,1,0.211963728266913,19,0,0.6358016020038689,5,1
Ты ничего не понимаешь!,25,4,4,1,2,0.23062328663281118,16,0,0.021760723311150643,9,1
Это действительно хороший совет. .,32,6,3,2,0,0.06450283687287794,19,1,0.8431046942799475,8,0
"Вы отлично справились, продолжайте в том же духе!",51,8,3,2,5,0.4900219687717394,22,0,0.5870006512394942,5,0
"МНЕ НРАВИТСЯ, КАК ВЫ ОБЪЯСНЯЕТЕ. !",36,6,3,1,2,0.865249031665691,21,1,0.919725602366642,6,0
какой ужасный комментарий. пример,34,4,3,3,4,0.38237765694203163,19,0,0.44745227947894295,3,1
Какой позорный текст!,19,2,3,1,4,0.4770849451470299,15,0,0.12627454792882575,0,1
НИКОГДА НЕ ЧИТАЛ НИЧЕГО ХУЖЕ.,29,6,3,1,5,0.43258599045247825,16,0,0.17485943129571158,2,1
"Ужасный пост, удали это.",26,4,3,2,5,0.2568139095849089,17,1,0.28805117179478545,3,1
Спасибо за вашу помощь! пример,28,5,1,1,4,0.5482343152467246,20,1,0.2502588905103056,0,0
"мне нравится, как вы объясняете.",30,4,0,0,4,0.27614702540144087,20,1,0.2835468468121468,7,0
Мне понравился ваш пост.,23,5,0,2,1,0.027072471172042256,14,0,0.11245885654131782,10,0
"Вы отлично справились, продолжайте в том же духе!",49,9,1,1,0,0.8323138106992454,24,0,0.9758566371339207,0,0
Мне понравился ваш пост.,22,4,3,2,2,0.609964353745225,14,1,0.4012652394821522,2,0
Ты только тратишь время людей. !,30,7,3,2,1,0.456240017467451,22,1,0.4620902898779564,4,1
Какой позорный текст!,23,2,3,1,3,0.9201304618791715,17,0,0.5799070784982064,7,1
Это замечательный комментарий!,28,4,1,0,2,0.1608358548377492,17,1,0.12703040173067004,8,0
Зачем ты вообще пишешь? слово,31,6,4,1,5,0.9524781493338229,20,1,0.6047316636431916,10,1
"Мне нравится, как вы объясняете. пример",41,6,0,2,0,0.1858501500239056,18,0,0.014728719934570367,3,0
ЭТО ПРОСТО БРЕД.,17,4,4,1,1,0.5427747499520742,10,1,0.010206074831421219,4,1
"Это была интересная статья, спасибо.",34,5,3,1,0,0.31829344689190153,16,1,0.2279857948134344,4,0
"это была интересная статья, спасибо.",36,4,2,0,4,0.8553931495891849,17,0,0.46762533985824417,3,0
Это действительно хороший совет.,34,3,3,2,4,0.20351975019043977,17,0,0.12746894997074742,4,0
Это замечательный комментарий! !,31,5,2,2,1,0.28850963989382017,16,0,0.6112541161156353,7,0
это замечательный комментарий!,31,3,1,0,5,0.6453355995103304,17,0,0.9440326605344497,1,0
"Мне нравится, как вы объясняете.",32,5,2,2,1,0.8302771464588885,17,0,0.3106286489003983,9,0
"Вы отлично справились, продолжайте в том же духе!",50,8,1,1,0,0.3736909840458402,22,0,0.8671954241318892,4,0
очень полезная информация. !,30,4,2,1,2,0.38110317089614676,19,1,0.17809198882227428,0,0
ЭТО ДЕЙСТВИТЕЛЬНО ХОРОШИЙ СОВЕТ.,33,5,1,2,3,0.9597602105328106,18,0,0.5062598409702586,9,0
Ты только тратишь время людей. ?,31,6,5,3,2,0.2855811659306877,22,1,0.3864820187743284,0,1
Ты ничего не понимаешь!,25,3,3,2,3,0.7906808187373281,17,1,0.419373311501694,0,1
Твои слова — это полный провал.,33,7,4,1,2,0.9291446509121079,17,0,0.5437480434141111,3,1
ты только тратишь время людей.,30,5,5,3,0,0.4508236114823243,21,1,0.9605776732659826,4,1
Это просто бред. .,18,4,5,3,3,0.518853350300407,10,1,0.740044594841415,7,1
"Вы отлично справились, продолжайте в том же духе!",47,9,2,0,5,0.9203890380011797,22,1,0.9893510859224102,8,0
Какой ужасный комментарий.,26,3,4,3,0,0.7303033067213898,19,1,0.9204037396897385,6,1
"Вы отлично справились, продолжайте в том же духе!",48,7,2,2,3,0.020982473404300817,25,1,0.5401058167794156,8,0
Какой позорный текст! !,25,4,2,1,5,0.883108048233825,15,1,0.4166146715611201,10,1
ТЫ СОВЕРШЕННО НЕКОМПЕТЕНТЕН. СЛОВО,33,3,5,2,4,0.5466019535220094,14,1,0.5273626132751638,1,1
Ты ничего не понимаешь!,21,3,4,3,0,0.6680033047043259,16,0,0.496150552685227,0,1
это просто бред. !,16,4,5,1,1,0.9055482437230884,12,0,0.12360006541525681,1,1
Мне понравился ваш пост. ?,28,6,2,2,1,0.31586190594103825,15,1,0.8642915998968613,5,0
ты ничего не понимаешь!,23,4,3,2,2,0.8802537114114072,13,0,0.9686598960508047,4,1
"ужасный пост, удали это.",22,3,3,1,5,0.7326399861237622,15,1,0.7366486499212016,0,1
какой позорный текст!,19,3,2,3,2,0.06392879736160739,13,0,0.3183293520095557,2,1
какой ужасный комментарий. ?,29,5,2,2,2,0.6365539098052945,15,0,0.5741408654592193,7,1
ТВОИ СЛОВА — ЭТО ПОЛНЫЙ ПРОВАЛ.,32,5,2,1,2,0.26119348435603207,15,0,0.03589229061096566,4,1
Твои слова — это полный провал. ТЕКСТ,38,7,4,1,1,0.7384795482362768,20,0,0.03816166168685409,1,1
"УЖАСНЫЙ ПОСТ, УДАЛИ ЭТО.",23,3,2,3,1,0.7400942424645066,16,1,0.3073505971247381,0,1
ты ничего не понимаешь!,22,3,2,2,4,0.41242636127916166,14,0,0.40505293502303763,0,1
Это действительно хороший совет.,31,5,1,2,1,0.6034844665087679,18,0,0.36739069240367916,0,0
Ты ничего не понимаешь!,24,5,3,3,3,0.12521934957926983,13,1,0.9334895560250838,10,1
Какой позорный текст!,23,3,3,1,1,0.36455370295250034,16,1,0.38820764702649935,9,1
"Мне нравится, как вы объясняете. ?",36,6,1,2,3,0.2226704554407518,19,1,0.058102156291300666,8,0
"Ужасный пост, удали это. !",26,6,2,3,0,0.9045427867808641,17,0,0.6171174204110177,1,1
"Это была интересная статья, спасибо.",34,5,2,2,3,0.609328583035014,19,1,0.5345044057094488,10,0
ВАШ КОММЕНТАРИЙ ОЧЕНЬ ПОДДЕРЖИВАЕТ. ?,36,5,3,1,0,0.1563769575497601,22,1,0.83233320699283,4,0
ВАШ КОММЕНТАРИЙ ОЧЕНЬ ПОДДЕРЖИВАЕТ.,33,4,3,2,2,0.4589575502764539,17,1,0.48851098325699316,1,0
Какой позорный текст!,21,4,3,2,3,0.7979885213261588,17,1,0.13563372983742616,9,1
"ПРЕКРАСНЫЙ ДЕНЬ, ЧТОБЫ ОБСУДИТЬ ЭТУ ТЕМУ. ?",42,8,0,1,4,0.09772972012271142,25,1,0.23351081519217276,9,0
Твои слова — это полный провал. .,35,8,5,1,5,0.5103830544432435,15,0,0.22842162497881924,2,1
Это просто бред.,15,2,2,3,2,0.46663290308592853,12,0,0.139686310548796,2,1
Ты только тратишь время людей. ТЕКСТ,37,6,2,2,0,0.5855008164147502,22,1,0.2505270888797839,6,1
"вы отлично справились, продолжайте в том же духе! слово",56,8,1,0,5,0.9667844690463149,23,1,0.460980425602289,7,0
Никогда не читал ничего хуже. пример,37,5,5,1,5,0.8716911788811171,21,0,0.7575324551006686,3,1
Это просто бред.,16,4,5,1,1,0.8117657058765156,9,0,0.5797845691373257,6,1
Очень полезная информация.,26,3,1,0,3,0.14684640047229103,19,1,0.389623391448237,4,0
Ты ничего не понимаешь!,24,3,4,2,2,0.04875990283776699,17,1,0.17722724889105113,0,1
НИКОГДА НЕ ЧИТАЛ НИЧЕГО ХУЖЕ.,27,6,3,2,5,0.2456264392814963,14,1,0.7359025908276979,6,1
очень полезная информация.,24,3,1,1,3,0.9771948750764997,18,0,0.5519351600779877,1,0
Никогда не читал ничего хуже. .,31,6,4,1,4,0.3142272313957014,17,0,0.5787505312331667,1,1
это замечательный комментарий! текст,36,5,2,2,1,0.7743407622864403,20,1,0.4327612341270104,7,0
ЗАЧЕМ ТЫ ВООБЩЕ ПИШЕШЬ? ?,27,6,3,2,1,0.5291137038466844,15,0,0.7498805119575637,5,1
Какой ужасный комментарий.,28,2,3,3,5,0.22916260210502182,19,0,0.030373759109025844,1,1
"Вы отлично справились, продолжайте в том же духе!",48,8,2,1,2,0.09883172745362967,22,1,0.4403756891688453,0,0
Ваш комментарий очень поддерживает. ?,39,6,1,0,4,0.522667213778362,22,1,0.9010822311663865,10,0
Твои слова — это полный провал. ТЕКСТ,38,6,3,1,0,0.12590876020189878,20,0,0.9873991791736425,0,1
Ты совершенно некомпетентен.,30,3,5,2,5,0.3161022839661384,13,1,0.9410649210004199,2,1
Ты ничего не понимаешь! ТЕКСТ,28,6,5,2,0,0.6434754879579304,17,1,0.3480152246546627,3,1
это замечательный комментарий!,31,2,0,2,3,0.9836990116133194,16,0,0.35251047824603543,9,0
Ваш комментарий очень поддерживает. слово,39,5,1,0,0,0.7226546643825439,20,1,0.5920793831700423,8,0
"Мне нравится, как вы объясняете. .",33,5,3,0,5,0.3989798707256642,16,1,0.8842840610268585,4,0
"Вы отлично справились, продолжайте в том же духе!",48,8,3,1,5,0.9888286579545127,24,0,0.2666728772534199,4,0
Ты только тратишь время людей.,31,6,4,3,2,0.39667295035635397,18,1,0.7199822899640769,5,1
ТВОИ СЛОВА — ЭТО ПОЛНЫЙ ПРОВАЛ.,33,7,5,2,2,0.7414608456467379,15,1,0.8905362191986999,5,1
"Это была интересная статья, спасибо. .",36,6,0,2,4,0.8732919237009815,18,0,0.6135699797714335,5,0
Очень полезная информация. .,27,3,2,0,3,0.3533455383991895,19,0,0.6261451230518117,9,0
ТЫ СОВЕРШЕННО НЕКОМПЕТЕНТЕН.,29,2,3,3,3,0.03028818606826511,13,1,0.6126162688756728,4,1
КАКОЙ ПОЗОРНЫЙ ТЕКСТ!,20,3,5,3,0,0.9865934789858143,12,0,0.25421459547963465,5,1
ТЫ СОВЕРШЕННО НЕКОМПЕТЕНТЕН.,29,4,4,1,3,0.9467248730407246,13,1,0.044191916436062795,0,1
Ты ничего не понимаешь!,25,5,3,3,1,0.8412481178328318,17,0,0.9470989854590868,7,1
Какой позорный текст!,20,4,3,3,2,0.9433616974415453,14,0,0.4463680657996474,0,1
Это просто бред.,18,3,4,2,5,0.9903396879390545,9,1,0.8125279412436391,7,1
ЭТО ПРОСТО БРЕД.,15,3,2,3,1,0.32615186659779605,9,0,0.007936288281208181,10,1
Зачем ты вообще пишешь?,22,3,5,2,5,0.11504510631141063,18,1,0.8542711284516513,6,1
Какой позорный текст!,20,4,4,2,4,0.36687762966579374,13,0,0.7694608360302776,4,1
Ты ничего не понимаешь! ?,24,5,5,2,2,0.3493655803227246,18,0,0.29036490273700777,1,1
"УЖАСНЫЙ ПОСТ, УДАЛИ ЭТО.",26,5,2,1,4,0.7928534456594876,16,1,0.37322083508767934,4,1
ТЫ НИЧЕГО НЕ ПОНИМАЕШЬ!,21,3,4,3,5,0.5883281378538089,17,0,0.9662271637645283,6,1
Никогда не читал ничего хуже. .,31,7,3,2,0,0.7236736033068215,17,0,0.9065354710640747,8,1
Никогда не читал ничего хуже.,29,5,4,1,3,0.9956760318709549,19,1,0.44481998050248217,3,1
"Мне нравится, как вы объясняете.",33,6,3,2,3,0.8539749754999597,18,1,0.7973100592298248,1,0
"Мне нравится, как вы объясняете.",34,5,2,2,1,0.5051283890048673,16,0,0.27183607216636063,0,0
"Ужасный пост, удали это. ?",26,5,3,1,4,0.018394444678593858,21,0,0.2961673312924573,2,1
"Это была интересная статья, спасибо.",37,5,0,1,5,0.30669496275073493,16,1,0.07449843211190055,8,0
Ты только тратишь время людей.,31,4,3,1,4,0.6712148444751463,19,1,0.8176895887329582,7,1
"Это была интересная статья, спасибо.",35,5,2,2,0,0.7113057083608575,16,0,0.9121052192516049,10,0
Зачем ты вообще пишешь? ТЕКСТ,28,4,2,1,4,0.5475970898460458,21,0,0.24806555110377815,10,1
"Мне нравится, как вы объясняете.",30,6,0,1,0,0.21305771830973452,19,0,0.29334084697357166,9,0
какой позорный текст!,22,4,2,2,4,0.5045824944719681,13,0,0.6774496860158692,7,1
это просто бред. слово,24,5,2,1,1,0.12617425783696767,12,1,0.17219387677700415,10,1
Ты только тратишь время людей. пример,36,7,3,3,5,0.5604688053019158,21,1,0.36874143426976813,8,1
Какой ужасный комментарий. ?,26,4,2,3,3,0.3095512240275369,19,0,0.029809355703304785,10,1
Какой позорный текст! пример,27,4,2,2,3,0.6857443003872742,17,1,0.17471852736848337,0,1
Какой ужасный комментарий.,27,4,4,3,5,0.8804500219830644,15,1,0.9236941101231538,7,1
Это замечательный комментарий! слово,34,3,1,2,0,0.5781973284781707,21,1,0.6144127833959796,10,0
Никогда не читал ничего хуже.,29,4,5,1,5,0.714842983335749,18,0,0.45303628223809245,6,1
Очень полезная информация.,27,2,0,0,3,0.6647899561543181,18,0,0.2626940256286965,6,0
Ты только тратишь время людей. !,31,5,3,2,3,0.2608530489372456,20,0,0.3995599218504329,10,1
Ты совершенно некомпетентен.,28,4,3,1,5,0.17071052436987944,16,0,0.44511690976765816,10,1
Это просто бред.,16,4,3,1,0,0.33956647797680506,9,1,0.8494911636254009,0,1
Очень полезная информация.,28,3,2,0,3,0.17965107867029118,19,0,0.347677939965649,1,0
Какой ужасный комментарий.,26,4,2,1,1,0.15342809834172888,18,0,0.9578075307088486,9,1
ТЫ ТОЛЬКО ТРАТИШЬ ВРЕМЯ ЛЮДЕЙ. ТЕКСТ,37,7,5,1,0,0.5503556134123617,22,0,0.17078058722301082,6,1
Ваш комментарий очень поддерживает.,36,4,1,0,2,0.8499685424277779,22,0,0.5960347184706767,2,0
Мне понравился ваш пост. !,26,4,2,1,2,0.5019402385863568,15,0,0.018560637231774146,4,0
ты только тратишь время людей. пример,35,7,3,2,3,0.11331366255676689,22,1,0.09528736502192903,6,1
ваш комментарий очень поддерживает.,37,3,1,1,5,0.5007491602374832,21,0,0.41544887497999516,6,0
Ты совершенно некомпетентен.,30,3,5,1,1,0.5829060914967022,14,1,0.2754922157491142,6,1
ТЫ СОВЕРШЕННО НЕКОМПЕТЕНТЕН.,29,3,4,2,0,0.501522919569671,16,0,0.06947213358052717,3,1
Спасибо за вашу помощь!,24,5,3,0,4,0.924978191658343,15,0,0.9260937927499107,5,0
ЭТО ЗАМЕЧАТЕЛЬНЫЙ КОММЕНТАРИЙ!,30,4,1,0,0,0.4169674693653186,20,1,0.5509120466856088,9,0
какой позорный текст!,22,3,2,3,5,0.49589092935123447,14,0,0.94598552054597,3,1
Какой позорный текст! ?,23,5,4,3,5,0.017823857762755635,18,0,0.08885848254807338,10,1
Какой позорный текст! ТЕКСТ,25,4,2,1,5,0.5167917440368069,16,0,0.5504741589030527,2,1
Ты совершенно некомпетентен. .,32,3,5,1,5,0.41254134366742534,15,1,0.847618474457967,3,1
"ужасный пост, удали это. текст",31,5,3,3,0,0.6921308708790732,20,0,0.025875030435756896,2,1
Ты совершенно некомпетентен. пример,37,5,4,2,3,0.007139202192055771,18,0,0.9200573949864385,5,1
Ты только тратишь время людей.,30,4,4,2,2,0.10813213613086181,21,1,0.8257611890281011,4,1
ЭТО ПРОСТО БРЕД.,14,3,2,3,1,0.5384527055596517,10,0,0.9864503111766516,8,1
Спасибо за вашу помощь!,22,3,1,0,0,0.9317172375249264,14,0,0.17390425314489089,2,0
Зачем ты вообще пишешь?,25,3,5,1,3,0.3017296900915425,18,1,0.5307445597073535,3,1
Ты только тратишь время людей. ?,30,7,4,3,0,0.4717538636756645,21,0,0.49572518695038426,10,1
Ты ничего не понимаешь! ?,25,4,3,3,2,0.9775621956869333,14,1,0.9635994957943709,10,1
"Мне нравится, как вы объясняете.",33,4,0,1,4,0.9033512812344113,17,1,0.06683288717034574,4,0
Ты только тратишь время людей.,28,6,4,1,1,0.4401688940773443,18,1,0.7114294900962788,7,1
ЭТО ДЕЙСТВИТЕЛЬНО ХОРОШИЙ СОВЕТ.,33,4,1,0,0,0.04599916327600917,19,0,0.1943920547542749,1,0
Это действительно хороший совет.,33,5,3,1,0,0.9369735956622933,18,0,0.22597431636653853,1,0
Какой ужасный комментарий.,24,3,5,2,3,0.6241604241986735,17,0,0.21244690942941846,7,1
Ты ничего не понимаешь! пример,29,5,4,1,0,0.28922257224743786,18,1,0.6940587894237936,8,1
Ваш комментарий очень поддерживает. .,37,5,1,0,5,0.6065887943523995,20,1,0.9334304309057017,3,0
Спасибо за вашу помощь!,23,5,3,2,5,0.5232742417893191,18,1,0.5089467592646585,1,0
Спасибо за вашу помощь!,22,3,2,1,0,0.1113011053725439,18,1,0.9996871816154963,0,0
"Ужасный пост, удали это.",26,3,2,2,3,0.5648678387776732,19,1,0.8652787979354226,3,1
Мне понравился ваш пост.,26,3,0,1,0,0.5230059076936705,16,0,0.5322218522145784,7,0
Ваш комментарий очень поддерживает.,37,3,3,1,2,0.8643856071541782,22,1,0.2961531023279196,4,0
Зачем ты вообще пишешь?,23,4,5,1,0,0.8424797060417727,17,1,0.27495422530416125,8,1
"Прекрасный день, чтобы обсудить эту тему. .",45,7,3,2,3,0.7982099099252283,23,1,0.7720657901242177,5,0
очень полезная информация.,25,3,3,2,3,0.24804287806699465,19,1,0.15918955142287938,1,0
Очень полезная информация.,28,3,3,1,0,0.7154272682316639,18,0,0.5716488797274278,3,0
Ты совершенно некомпетентен.,26,2,5,2,1,0.4704408987174358,13,1,0.9903824654478854,0,1
Очень полезная информация.,26,4,0,1,1,0.31999752766864764,20,0,0.5124687110129155,3,0
Никогда не читал ничего хуже.,28,6,2,3,4,0.10063861490663562,15,1,0.936294196050859,10,1
"Вы отлично справились, продолжайте в том же духе! .",52,10,0,2,5,0.24031283494469557,25,1,0.5217432938965811,1,0
это действительно хороший совет. пример,40,6,0,2,2,0.027467312294270352,17,0,0.667989572676175,9,0
"прекрасный день, чтобы обсудить эту тему.",43,6,2,2,0,0.3344059277235265,23,0,0.5542400476204806,3,0
Очень полезная информация.,25,2,1,1,1,0.7624000587409934,18,0,0.99327942250974,8,0
Какой ужасный комментарий.,24,2,5,2,5,0.0692593713278995,17,0,0.2784121157494108,8,1
мне понравился ваш пост. !,25,4,2,2,2,0.08875118805660698,16,0,0.2958889883539262,8,0
Это просто бред.,17,4,3,2,4,0.3336008333804449,11,0,0.8658236414153192,10,1
Никогда не читал ничего хуже.,29,6,3,1,4,0.36635031952094377,18,0,0.496617342631929,6,1
Никогда не читал ничего хуже.,29,5,5,2,2,0.1931308308527181,16,0,0.17283688125427132,8,1
Никогда не читал ничего хуже.,30,4,3,2,2,0.7423643355772255,18,0,0.6261518731834261,6,1
"Вы отлично справились, продолжайте в том же духе! слово",54,10,3,1,3,0.35892779567399546,25,1,0.7809110657092242,10,0
Какой позорный текст!,22,3,3,1,3,0.3789739144476799,15,0,0.21955208396332826,6,1
"Мне нравится, как вы объясняете.",32,5,2,1,0,0.30719407799764575,17,0,0.03833127593372809,0,0
ваш комментарий очень поддерживает. !,35,4,0,0,5,0.9162972092132419,20,0,0.9239097497622912,0,0
ЭТО ДЕЙСТВИТЕЛЬНО ХОРОШИЙ СОВЕТ.,33,4,2,1,1,0.9880685793610353,19,0,0.3907840277324741,10,0
ЭТО ЗАМЕЧАТЕЛЬНЫЙ КОММЕНТАРИЙ!,29,4,3,1,2,0.7586514091392421,20,0,0.10189580315180857,9,0
"ВЫ ОТЛИЧНО СПРАВИЛИСЬ, ПРОДОЛЖАЙТЕ В ТОМ ЖЕ ДУХЕ!",51,7,0,1,2,0.5744641732659223,23,1,0.027633370662766277,9,0
Спасибо за вашу помощь!,21,5,0,1,5,0.3872045349625377,15,1,0.6900206705009607,1,0
Твои слова — это полный провал.,32,7,4,2,0,0.2437943253798429,16,0,0.5660685775960932,0,1
"Мне нравится, как вы объясняете. слово",40,5,1,0,2,0.3026813395009075,20,1,0.318002417876882,8,0
Ты ничего не понимаешь! .,25,4,4,2,5,0.2956438148540492,18,1,0.9361350644122612,1,1
"Прекрасный день, чтобы обсудить эту тему. пример",46,7,1,1,2,0.850392396378666,25,1,0.9123467348761438,2,0
"ужасный пост, удали это.",24,3,3,1,5,0.3721077200944498,19,1,0.3787330813085762,2,1
"Вы отлично справились, продолжайте в том же духе! ?",50,10,3,0,4,0.250510796058666,23,0,0.22434350645077017,8,0
Какой позорный текст!,19,4,2,3,2,0.6414746110172843,14,1,0.8028896793776698,6,1
Ты только тратишь время людей.,30,4,5,2,5,0.921443554595899,22,0,0.6154820430541428,10,1
Зачем ты вообще пишешь?,23,5,4,3,0,0.7403532219847275,15,0,0.3888493659090302,0,1
СПАСИБО ЗА ВАШУ ПОМОЩЬ!,22,3,3,2,2,0.9447259002506944,15,0,0.4689366206689505,3,0
Какой ужасный комментарий.,25,2,5,1,0,0.06014861941878302,16,1,0.21861871647499742,8,1
это действительно хороший совет.,33,5,0,1,5,0.5582392341578704,16,0,0.15706954544429896,4,0
ты ничего не понимаешь! !,27,6,3,1,2,0.3036503276598129,14,1,0.573477681067115,3,1
СПАСИБО ЗА ВАШУ ПОМОЩЬ!,22,3,0,1,1,0.908355144810288,13,1,0.8063799657501493,5,0
Спасибо за вашу помощь!,21,5,1,2,5,0.0905112872924726,14,0,0.3329254451300867,2,0
Никогда не читал ничего хуже.,31,4,5,3,5,0.00400808273489206,19,1,0.9457867926926792,7,1
Ты ничего не понимаешь!,24,4,3,1,1,0.6891885972659764,16,1,0.8180510009665681,7,1
какой позорный текст!,21,3,4,1,2,0.055056400194123944,16,1,0.16111515180114377,7,1
"Вы отлично справились, продолжайте в том же духе! слово",55,10,1,0,4,0.3472332184748682,25,1,0.17803884520553703,0,0
"Прекрасный день, чтобы обсудить эту тему. .",45,7,2,2,2,0.908496207671637,21,0,0.10239973193210472,10,0
Очень полезная информация.,24,4,1,2,2,0.41731003963891045,19,1,0.9835049910782335,5,0
"Ужасный пост, удали это.",24,3,5,2,4,0.9205632170574823,19,0,0.7078383676389873,3,1
Это просто бред.,14,3,4,1,2,0.8242243465342756,9,0,0.31344843695057967,10,1
Очень полезная информация.,25,2,3,0,1,0.6844288782540427,20,0,0.7439043654798932,1,0
Ты только тратишь время людей. !,30,7,5,1,4,0.5006160191516671,23,0,0.894030863910165,5,1
СПАСИБО ЗА ВАШУ ПОМОЩЬ!,21,5,2,0,3,0.08744512453664244,16,0,0.10065416075259637,3,0
это просто бред.,15,4,4,1,4,0.39010777109555494,10,0,0.7099358784589848,9,1
Какой позорный текст!,21,4,5,2,2,0.9354320534079662,17,0,0.32607855459999946,1,1
Это замечательный комментарий! пример,38,3,0,0,4,0.08414103669685113,21,0,0.8592043357246778,6,0
Твои слова — это полный провал.,29,7,2,3,4,0.012938274383294979,16,0,0.5077851321785061,0,1
Спасибо за вашу помощь!,22,4,3,2,4,0.10354354762246154,17,0,0.2655491746409703,3,0
Мне понравился ваш пост. ТЕКСТ,29,5,0,2,0,0.5869528590586638,21,0,0.9080788812154914,10,0
"ужасный пост, удали это.",25,4,5,3,1,0.6549273145973392,15,0,0.08841425348688148,5,1
какой ужасный комментарий. !,29,4,4,2,4,0.7780253913344538,16,0,0.42881965783954823,8,1
ты ничего не понимаешь! текст,31,6,2,2,5,0.6132805092079193,15,0,0.6538426811242241,1,1
ВАШ КОММЕНТАРИЙ ОЧЕНЬ ПОДДЕРЖИВАЕТ.,33,3,1,1,4,0.08842005502140304,19,1,0.15436958650381039,9,0
Спасибо за вашу помощь!,21,5,1,2,2,0.6490503634015619,18,0,0.5387475398295442,7,0
"ВЫ ОТЛИЧНО СПРАВИЛИСЬ, ПРОДОЛЖАЙТЕ В ТОМ ЖЕ ДУХЕ! ?",53,8,3,2,5,0.8618114892294144,26,0,0.9747934271895236,8,0
Ты совершенно некомпетентен. ?,31,4,5,1,4,0.01906129235172549,16,1,0.41707881718537576,6,1
ЗАЧЕМ ТЫ ВООБЩЕ ПИШЕШЬ?,24,3,2,2,0,0.006416088621245208,18,0,0.6188385186495272,3,1
мне понравился ваш пост. слово,30,5,3,1,1,0.3060946021458164,18,0,0.4566275609241429,5,0
Ваш комментарий очень поддерживает. слово,43,5,0,1,1,0.2830721794371156,23,0,0.30855726046144094,8,0
Спасибо за вашу помощь! пример,29,4,2,2,3,0.35905649717310817,19,1,0.602075016801593,5,0
"прекрасный день, чтобы обсудить эту тему.",40,7,1,2,0,0.9411101977939144,24,0,0.3164380931996664,9,0
Ваш комментарий очень поддерживает.,34,3,3,0,2,0.4180634638327476,19,0,0.029095727815593997,2,0
Никогда не читал ничего хуже.,31,4,5,2,1,0.9395142817863764,15,0,0.6250812012703428,6,1
Какой ужасный комментарий. !,27,5,5,1,4,0.3644403554516358,18,1,0.8248401782499339,10,1
Очень полезная информация.,28,4,2,2,0,0.5956910233774153,20,1,0.3429755057466296,4,0
какой ужасный комментарий. ?,27,5,3,3,5,0.923450194038455,16,0,0.2228382159290725,4,1
Спасибо за вашу помощь!,24,4,0,0,3,0.9417122446105961,17,0,0.3386225478570015,10,0
Это действительно хороший совет.,33,3,2,1,3,0.4588087924290679,16,0,0.8085621545977931,10,0
"Прекрасный день, чтобы обсудить эту тему.",39,5,3,2,4,0.962119708302665,23,1,0.4132401740441142,9,0
Какой ужасный комментарий.,27,2,4,1,1,0.7910190654239487,16,0,0.044527980462226946,6,1
"мне нравится, как вы объясняете.",32,6,3,1,0,0.8835066596950144,17,1,0.9319591280330181,5,0
"Это была интересная статья, спасибо. !",38,6,0,0,2,0.14984554808679817,20,0,0.23272579690011164,7,0
"Мне нравится, как вы объясняете.",32,6,3,2,0,0.12806693755575038,20,0,0.7758504127555962,9,0
ты ничего не понимаешь! пример,31,4,4,3,4,0.3392610842332152,15,1,0.8459675534044685,10,1
Это просто бред.,18,4,2,3,5,0.7141505366827228,13,1,0.7252776653912136,4,1
ТЫ СОВЕРШЕННО НЕКОМПЕТЕНТЕН.,26,3,5,2,3,0.9436216507932667,13,0,0.04205991008284282,8,1
ЗАЧЕМ ТЫ ВООБЩЕ ПИШЕШЬ? ТЕКСТ,31,5,4,1,2,0.4859473276454608,18,1,0.12306581072329181,1,1
"ВЫ ОТЛИЧНО СПРАВИЛИСЬ, ПРОДОЛЖАЙТЕ В ТОМ ЖЕ ДУХЕ!",49,7,3,2,2,0.4881133546718751,21,1,0.9514926474014263,6,0
Ты только тратишь время людей. ТЕКСТ,38,5,5,1,4,0.8914676197860747,25,0,0.06542841477759542,6,1
Какой ужасный комментарий.,25,3,2,3,3,0.44753315224031753,19,1,0.46535998541152224,9,1
КАКОЙ УЖАСНЫЙ КОММЕНТАРИЙ.,25,2,5,3,2,0.8240790438058874,15,1,0.22295084325276215,3,1
Это действительно хороший совет. пример,40,6,1,1,5,0.8463296424623391,20,1,0.8067691881682894,10,0
Какой позорный текст! .,21,3,3,2,2,0.8944945390174349,17,0,0.9661732246762297,2,1
Какой ужасный комментарий.,28,2,4,2,4,0.9905460319922103,18,1,0.7215635618732291,1,1
Зачем ты вообще пишешь?,21,3,4,3,4,0.566506128917717,19,0,0.46532133557604494,8,1
КАКОЙ ПОЗОРНЫЙ ТЕКСТ!,19,3,2,3,0,0.005108963549932177,16,0,0.8056464787734363,2,1
"Это была интересная статья, спасибо. ?",40,7,1,0,3,0.6034007841943237,18,1,0.43410023981132073,6,0
КАКОЙ УЖАСНЫЙ КОММЕНТАРИЙ.,26,2,5,1,2,0.6530421746594439,17,1,0.3834409989384583,8,1
Никогда не читал ничего хуже.,27,4,5,3,0,0.35941428069429115,19,0,0.06709781259425296,2,1
Очень полезная информация.,27,4,0,2,2,0.9972354707246224,20,1,0.9136172372584394,5,0
какой ужасный комментарий.,27,2,2,1,4,0.22212054193030695,16,1,0.643569845822215,8,1
Это просто бред.,16,4,2,2,2,0.9353768688803578,12,1,0.08878577411887079,9,1
"ЭТО БЫЛА ИНТЕРЕСНАЯ СТАТЬЯ, СПАСИБО.",35,5,1,0,3,0.7346961714027384,18,1,0.24910122519593014,1,0
"Мне нравится, как вы объясняете.",34,5,1,2,3,0.9938171542656682,16,0,0.4432096864950028,6,0
Это просто бред.,15,3,5,1,4,0.20514233833967,10,1,0.06932780473989786,5,1
"Ужасный пост, удали это. ТЕКСТ",28,6,5,1,2,0.1171721647804691,21,1,0.01874153421724878,1,1
"Ужасный пост, удали это.",24,5,3,2,0,0.6492451591629078,17,0,0.7243142572615832,7,1
Ваш комментарий очень поддерживает. слово,42,4,3,1,2,0.27362194735616163,23,0,0.06690864856724033,1,0
"Вы отлично справились, продолжайте в том же духе!",49,7,3,0,1,0.5695065089662668,23,0,0.6439897638200176,9,0
Спасибо за вашу помощь!,21,5,2,2,3,0.8624666681028621,16,0,0.9146916469233747,7,0
Ваш комментарий очень поддерживает.,34,3,1,0,0,0.8697693547176597,20,0,0.17896135098896893,4,0
"Прекрасный день, чтобы обсудить эту тему. слово",49,8,0,1,4,0.8036363368784019,23,0,0.712521875660136,0,0
"прекрасный день, чтобы обсудить эту тему. пример",49,7,2,0,2,0.8514428905879757,20,1,0.48824534884888615,5,0
Это просто бред.,18,4,3,2,5,0.7970620328589894,9,1,0.47599166558409056,6,1
"Мне нравится, как вы объясняете.",30,6,1,2,1,0.7969962381292581,19,1,0.8056479394338979,7,0
Это замечательный комментарий!,31,3,1,1,5,0.6006031343892935,16,1,0.3142747837657327,3,0
Ты ничего не понимаешь! слово,30,6,2,1,2,0.09004090613077131,17,1,0.28294653825940064,5,1
"вы отлично справились, продолжайте в том же духе!",51,7,2,2,0,0.500566595003881,22,1,0.12587095343012467,4,0
ЭТО ЗАМЕЧАТЕЛЬНЫЙ КОММЕНТАРИЙ!,28,3,0,2,3,0.4916597077050976,19,0,0.6323548765058675,2,0
Спасибо за вашу помощь!,23,5,1,0,3,0.42830081455832125,17,0,0.0928569684416668,9,0
Никогда не читал ничего хуже.,29,6,2,3,0,0.5212482398083098,19,1,0.336745650889716,2,1
Спасибо за вашу помощь!,23,4,1,0,1,0.391018276275268,14,1,0.6424252311811591,2,0
Какой позорный текст! ?,25,3,5,2,4,0.6489369148334205,16,1,0.36396051389147643,6,1
Спасибо за вашу помощь! слово,30,4,2,2,1,0.20712617414828693,18,1,0.3778653732996611,6,0
твои слова — это полный провал.,31,7,2,3,0,0.6097725206576368,17,1,0.07773426478974188,2,1
Какой ужасный комментарий.,25,4,5,1,0,0.5277881817696906,15,1,0.4393924424483716,6,1
"Прекрасный день, чтобы обсудить эту тему.",40,6,0,0,2,0.5578836504718196,24,1,0.347033586072093,10,0
"мне нравится, как вы объясняете.",33,4,0,2,0,0.17015104136124093,16,0,0.0697062953938169,0,0
Это действительно хороший совет. ?,35,6,0,2,2,0.2531520666975835,19,1,0.44547573596068757,4,0
"Мне нравится, как вы объясняете.",30,5,3,2,2,0.08412685777288786,16,1,0.5045775033222121,3,0
Очень полезная информация.,26,4,1,1,4,0.8157649299421975,16,0,0.6514807713918542,8,0
Это действительно хороший совет.,30,3,0,0,4,0.7108688691736714,15,1,0.19137149622098792,4,0
Спасибо за вашу помощь!,22,4,3,0,4,0.3909311759233849,16,0,0.2673467176558212,0,0
Это действительно хороший совет.,33,3,2,2,2,0.9208402712843546,18,0,0.9349401181261783,6,0
Зачем ты вообще пишешь? слово,30,5,5,1,5,0.8387998057084585,21,0,0.6206414800403409,9,1
"ПРЕКРАСНЫЙ ДЕНЬ, ЧТОБЫ ОБСУДИТЬ ЭТУ ТЕМУ.",42,5,0,2,0,0.2442012827801292,24,0,0.5358963580120771,4,0
Это просто бред. ?,16,5,5,2,2,0.17191960087478664,13,0,0.6109284837569,2,1
"Мне нравится, как вы объясняете. ?",34,6,1,1,2,0.7779162507072558,20,1,0.5479227795349935,9,0
Мне понравился ваш пост.,22,5,0,1,5,0.16807109197382375,16,1,0.467461338345568,3,0
"ВЫ ОТЛИЧНО СПРАВИЛИСЬ, ПРОДОЛЖАЙТЕ В ТОМ ЖЕ ДУХЕ!",50,8,1,1,3,0.7486853397494623,21,1,0.5142713507269535,6,0
"ужасный пост, удали это. !",25,5,3,2,3,0.9730547595846047,18,1,0.7999746461387126,0,1
Очень полезная информация. ТЕКСТ,34,4,0,0,2,0.9004199435452083,21,1,0.8003925543839225,10,0
"Мне нравится, как вы объясняете. пример",41,5,0,2,3,0.6221164763702786,20,1,0.055690387793426055,9,0
